Date,Music
8/19/2015,stormy_piano
8/20/2015,wah_wah_trombones
8/21/2015,wah_wah_trombones
8/24/2015,wah_wah_trombones
8/25/2015,stormy_clarinet
8/26/2015,sad_happy_music
8/27/2015,money_band
8/28/2015,swing_piano
12/31/2015,stormy_piano
1/1/2016,stormy_piano
1/4/2016,wah_wah_trombones
1/5/2016,swing_piano
1/6/2016,wah_wah_trombones
1/7/2016,wah_wah_trombones
1/8/2016,stormy_mandolins
1/11/2016,swing_piano
1/12/2016,money_piano
1/13/2016,stormy_piano
1/14/2016,money_piano
1/15/2016,wah_wah_trombones
6/30/2016,money_piano
7/1/2016,money_piano
6/26/2017,
6/27/2017,stormy_piano
6/28/2017,money_piano
6/29/2017,stormy_piano
6/30/2017,swing_piano
7/1/2017,
7/2/2017,
7/3/2017,swing_piano
7/4/2017,swing_piano
7/5/2017,swing_piano
7/6/2017,stormy_piano
7/7/2017,money_piano
7/8/2017,
7/9/2017,
7/10/2017,swing_piano
7/11/2017,swing_piano
7/12/2017,money_piano
7/13/2017,money_piano
7/14/2017,money_piano
7/15/2017,
7/16/2017,
7/17/2017,swing_piano
7/18/2017,swing_piano
7/19/2017,money_piano
7/20/2017,swing_piano
7/21/2017,stormy_piano
7/22/2017,
7/23/2017,
7/24/2017,swing_piano
7/25/2017,money_piano
7/26/2017,money_piano
7/27/2017,swing_piano
7/28/2017,swing_piano
7/29/2017,
7/30/2017,
7/31/2017,swing_piano
8/1/2017,money_piano
8/2/2017,money_piano
8/3/2017,swing_piano
8/4/2017,money_piano
8/5/2017,
8/6/2017,
8/7/2017,money_piano
8/8/2017,stormy_piano
8/9/2017,stormy_piano
8/10/2017,stormy_piano
8/11/2017,money_piano
8/12/2017,
8/13/2017,
8/14/2017,money_piano
8/15/2017,swing_piano
8/16/2017,money_piano
8/17/2017,wah_wah_trombones
8/18/2017,stormy_piano
8/19/2017,
8/20/2017,
8/21/2017,swing_piano
8/22/2017,money_piano
8/23/2017,stormy_piano
8/24/2017,stormy_piano
8/25/2017,swing_piano
8/26/2017,
8/27/2017,
8/28/2017,swing_piano
8/29/2017,money_piano
8/30/2017,money_piano
8/31/2017,money_piano
9/1/2017,
9/2/2017,
9/3/2017,
9/4/2017,
9/5/2017,
9/6/2017,
9/7/2017,
9/8/2017,
9/9/2017,
9/10/2017,
9/11/2017,
9/12/2017,
9/13/2017,
9/14/2017,
9/15/2017,
9/16/2017,
9/17/2017,
9/18/2017,
9/19/2017,
9/20/2017,
9/21/2017,
9/22/2017,
9/23/2017,
9/24/2017,
9/25/2017,
9/26/2017,
9/27/2017,
9/28/2017,
9/29/2017,
9/30/2017,
10/1/2017,
10/2/2017,
10/3/2017,
10/4/2017,
10/5/2017,
10/6/2017,
10/7/2017,
10/8/2017,
10/9/2017,
10/10/2017,
10/11/2017,
10/12/2017,
10/13/2017,
10/14/2017,
10/15/2017,
10/16/2017,
10/17/2017,
10/18/2017,
10/19/2017,
10/20/2017,
10/21/2017,
10/22/2017,
10/23/2017,
10/24/2017,
10/25/2017,
10/26/2017,
10/27/2017,
10/28/2017,
10/29/2017,
10/30/2017,
10/31/2017,
11/1/2017,
11/2/2017,
11/3/2017,
11/4/2017,
11/5/2017,
11/6/2017,
11/7/2017,
11/8/2017,
11/9/2017,
11/10/2017,
11/11/2017,
11/12/2017,
11/13/2017,
11/14/2017,
11/15/2017,
11/16/2017,
11/17/2017,
11/18/2017,
11/19/2017,
11/20/2017,
11/21/2017,
11/22/2017,
11/23/2017,
11/24/2017,
11/25/2017,
11/26/2017,
11/27/2017,
11/28/2017,
11/29/2017,
11/30/2017,
12/1/2017,
12/2/2017,
12/3/2017,
12/4/2017,
12/5/2017,
12/6/2017,
12/7/2017,
12/8/2017,
12/9/2017,
12/10/2017,
12/11/2017,
12/12/2017,
12/13/2017,
12/14/2017,
12/15/2017,
12/16/2017,
12/17/2017,
12/18/2017,
12/19/2017,
12/20/2017,
12/21/2017,
12/22/2017,
12/23/2017,
12/24/2017,
12/25/2017,
12/26/2017,
12/27/2017,
12/28/2017,
12/29/2017,
12/30/2017,
12/31/2017,
1/1/2018,
1/2/2018,
1/3/2018,
1/4/2018,
1/5/2018,money_piano
1/6/2018,
1/7/2018,
1/8/2018,swing_piano
1/9/2018,money_piano
1/10/2018,stormy_piano
1/11/2018,money_piano
1/12/2018,money_piano
1/13/2018,swing_piano
1/14/2018,
1/15/2018,
1/16/2018,stormy_piano
1/17/2018,money_piano
1/18/2018,stormy_piano
1/19/2018,money_piano
1/20/2018,
1/21/2018,
1/22/2018,money_piano
1/23/2018,swing_piano
1/24/2018,swing_piano
1/25/2018,swing_piano
1/26/2018,money_piano
1/27/2018,
1/28/2018,
1/29/2018,stormy_piano
1/30/2018,stormy_piano
1/31/2018,money_piano
2/1/2018,swing_piano
2/2/2018,wah_wah_trombones
2/3/2018,
2/4/2018,
2/5/2018,stormy_piano
2/6/2018,money_piano
2/7/2018,stormy_piano
2/8/2018,wah_wah_trombones
2/9/2018,money_band
2/10/2018,
2/11/2018,
2/12/2018,money_piano
2/13/2018,money_piano
2/14/2018,money_piano
2/15/2018,money_piano
2/16/2018,
2/17/2018,
2/18/2018,
2/19/2018,
2/20/2018,
2/21/2018,
2/22/2018,
2/23/2018,
2/24/2018,
2/25/2018,
2/26/2018,
2/27/2018,
2/28/2018,
3/1/2018,
3/2/2018,
3/3/2018,
3/4/2018,
3/5/2018,
3/6/2018,
3/7/2018,
3/8/2018,
3/9/2018,
3/10/2018,
3/11/2018,
3/12/2018,
3/13/2018,
3/14/2018,
3/15/2018,
3/16/2018,
3/17/2018,
3/18/2018,
3/19/2018,
3/20/2018,
3/21/2018,
3/22/2018,
3/23/2018,
3/24/2018,
3/25/2018,
3/26/2018,
3/27/2018,
3/28/2018,
3/29/2018,
3/30/2018,
3/31/2018,
4/1/2018,
4/2/2018,
4/3/2018,
4/4/2018,
4/5/2018,
4/6/2018,
4/7/2018,
4/8/2018,
4/9/2018,
4/10/2018,
4/11/2018,
4/12/2018,
4/13/2018,
4/14/2018,
4/15/2018,
4/16/2018,
4/17/2018,
4/18/2018,
4/19/2018,
4/20/2018,
4/21/2018,
4/22/2018,
4/23/2018,
4/24/2018,
4/25/2018,
4/26/2018,
4/27/2018,
4/28/2018,
4/29/2018,
4/30/2018,
5/1/2018,
5/2/2018,
5/3/2018,
5/4/2018,
5/5/2018,
5/6/2018,
5/7/2018,
5/8/2018,
5/9/2018,
5/10/2018,
5/11/2018,
5/12/2018,
5/13/2018,
5/14/2018,
5/15/2018,
5/16/2018,
5/17/2018,
5/18/2018,
5/19/2018,
5/20/2018,
5/21/2018,
5/22/2018,
5/23/2018,
5/24/2018,
5/25/2018,
5/26/2018,
5/27/2018,
5/28/2018,
5/29/2018,
5/30/2018,
5/31/2018,
6/1/2018,
6/2/2018,
6/3/2018,
6/4/2018,
6/5/2018,
6/6/2018,
6/7/2018,
6/8/2018,
6/9/2018,
6/10/2018,
6/11/2018,
6/12/2018,
6/13/2018,
6/14/2018,
6/15/2018,
6/16/2018,
6/17/2018,
6/18/2018,
6/19/2018,
6/20/2018,
6/21/2018,
6/22/2018,
6/23/2018,
6/24/2018,
6/25/2018,
6/26/2018,
6/27/2018,
6/28/2018,
6/29/2018,
6/30/2018,
7/1/2018,
7/2/2018,
7/3/2018,
7/4/2018,
7/5/2018,
7/6/2018,
7/7/2018,
7/8/2018,
7/9/2018,
7/10/2018,
7/11/2018,
7/12/2018,
7/13/2018,
7/14/2018,
7/15/2018,
7/16/2018,
7/17/2018,
7/18/2018,
7/19/2018,
7/20/2018,
7/21/2018,
7/22/2018,
7/23/2018,
7/24/2018,
7/25/2018,
7/26/2018,
7/27/2018,
7/28/2018,
7/29/2018,
7/30/2018,
7/31/2018,
8/1/2018,
8/2/2018,
8/3/2018,
8/4/2018,
8/5/2018,
8/6/2018,
8/7/2018,
8/8/2018,
8/9/2018,
8/10/2018,
8/11/2018,
8/12/2018,
8/13/2018,
8/14/2018,
8/15/2018,
8/16/2018,
8/17/2018,
8/18/2018,
8/19/2018,
8/20/2018,
8/21/2018,
8/22/2018,
8/23/2018,
8/24/2018,
8/25/2018,
8/26/2018,
8/27/2018,
8/28/2018,
8/29/2018,
8/30/2018,
8/31/2018,
9/1/2018,
9/2/2018,
9/3/2018,
9/4/2018,
9/5/2018,
9/6/2018,
9/7/2018,
9/8/2018,
9/9/2018,
9/10/2018,
9/11/2018,
9/12/2018,
9/13/2018,
9/14/2018,
9/15/2018,
9/16/2018,
9/17/2018,
9/18/2018,
9/19/2018,
9/20/2018,
9/21/2018,
9/22/2018,
9/23/2018,
9/24/2018,
9/25/2018,
9/26/2018,
9/27/2018,
9/28/2018,
9/29/2018,
9/30/2018,
10/1/2018,
10/2/2018,
10/3/2018,
10/4/2018,
10/5/2018,
10/6/2018,
10/7/2018,
10/8/2018,
10/9/2018,
10/10/2018,
10/11/2018,
10/12/2018,
10/13/2018,
10/14/2018,
10/15/2018,
10/16/2018,
10/17/2018,
10/18/2018,
10/19/2018,
10/20/2018,
10/21/2018,
10/22/2018,
10/23/2018,
10/24/2018,
10/25/2018,
10/26/2018,
10/27/2018,
10/28/2018,
10/29/2018,
10/30/2018,
10/31/2018,
11/1/2018,
11/2/2018,
11/3/2018,
11/4/2018,
11/5/2018,
11/6/2018,
11/7/2018,
11/8/2018,
11/9/2018,
11/10/2018,
11/11/2018,
11/12/2018,
11/13/2018,
11/14/2018,
11/15/2018,
11/16/2018,
11/17/2018,
11/18/2018,
11/19/2018,
11/20/2018,
11/21/2018,
11/22/2018,
11/23/2018,
11/24/2018,
11/25/2018,
11/26/2018,
11/27/2018,
11/28/2018,
11/29/2018,
11/30/2018,
12/1/2018,
12/2/2018,
12/3/2018,
12/4/2018,
12/5/2018,
12/6/2018,
12/7/2018,
12/8/2018,
12/9/2018,
12/10/2018,
12/11/2018,
12/12/2018,
12/13/2018,
12/14/2018,
12/15/2018,
12/16/2018,
12/17/2018,
12/18/2018,
12/19/2018,
12/20/2018,
12/21/2018,
12/22/2018,
12/23/2018,
12/24/2018,
12/25/2018,
12/26/2018,
12/27/2018,
12/28/2018,
12/29/2018,
12/30/2018,
12/31/2018,
1/1/2019,
1/2/2019,
1/3/2019,
1/4/2019,
1/5/2019,
1/6/2019,
1/7/2019,
1/8/2019,
1/9/2019,
1/10/2019,
1/11/2019,
1/12/2019,
1/13/2019,
1/14/2019,
1/15/2019,
1/16/2019,
1/17/2019,
1/18/2019,
1/19/2019,
1/20/2019,
1/21/2019,
1/22/2019,
1/23/2019,
1/24/2019,
1/25/2019,
1/26/2019,
1/27/2019,
1/28/2019,
1/29/2019,
1/30/2019,
1/31/2019,
2/1/2019,
2/2/2019,
2/3/2019,
2/4/2019,
2/5/2019,
2/6/2019,
2/7/2019,
2/8/2019,
2/9/2019,
2/10/2019,
2/11/2019,
2/12/2019,
2/13/2019,
2/14/2019,
2/15/2019,
2/16/2019,
2/17/2019,
2/18/2019,
2/19/2019,
2/20/2019,
2/21/2019,
2/22/2019,
2/23/2019,
2/24/2019,
2/25/2019,
2/26/2019,
2/27/2019,
2/28/2019,
3/1/2019,
3/2/2019,
3/3/2019,
3/4/2019,
3/5/2019,
3/6/2019,
3/7/2019,
3/8/2019,
3/9/2019,
3/10/2019,
3/11/2019,
3/12/2019,
3/13/2019,
3/14/2019,
3/15/2019,
3/16/2019,
3/17/2019,
3/18/2019,
3/19/2019,
3/20/2019,
3/21/2019,
3/22/2019,
3/23/2019,
3/24/2019,
3/25/2019,
3/26/2019,
3/27/2019,
3/28/2019,
3/29/2019,
3/30/2019,
3/31/2019,
4/1/2019,
4/2/2019,
4/3/2019,
4/4/2019,
4/5/2019,
4/6/2019,
4/7/2019,
4/8/2019,
4/9/2019,
4/10/2019,
4/11/2019,
4/12/2019,
4/13/2019,
4/14/2019,
4/15/2019,
4/16/2019,
4/17/2019,
4/18/2019,
4/19/2019,
4/20/2019,
4/21/2019,
4/22/2019,
4/23/2019,
4/24/2019,
4/25/2019,
4/26/2019,
4/27/2019,
4/28/2019,
4/29/2019,
4/30/2019,
5/1/2019,
5/2/2019,
5/3/2019,
5/4/2019,
5/5/2019,
5/6/2019,
5/7/2019,
5/8/2019,
5/9/2019,
5/10/2019,
5/11/2019,
5/12/2019,
5/13/2019,
5/14/2019,
5/15/2019,
5/16/2019,
5/17/2019,
5/18/2019,
5/19/2019,
5/20/2019,
5/21/2019,
5/22/2019,
5/23/2019,
5/24/2019,
5/25/2019,
5/26/2019,
5/27/2019,
5/28/2019,
5/29/2019,
5/30/2019,
5/31/2019,
6/1/2019,
6/2/2019,
6/3/2019,
6/4/2019,
6/5/2019,
6/6/2019,
6/7/2019,
6/8/2019,
6/9/2019,
6/10/2019,
6/11/2019,
6/12/2019,
6/13/2019,
6/14/2019,
6/15/2019,
6/16/2019,
6/17/2019,
6/18/2019,
6/19/2019,
6/20/2019,
6/21/2019,
6/22/2019,
6/23/2019,
6/24/2019,
6/25/2019,
6/26/2019,
6/27/2019,
6/28/2019,
6/29/2019,
6/30/2019,
7/1/2019,
7/2/2019,
7/3/2019,
7/4/2019,
7/5/2019,
7/6/2019,
7/7/2019,
7/8/2019,stormy_piano
7/9/2019,
7/10/2019,
7/11/2019,
7/12/2019,
7/13/2019,
7/14/2019,
7/15/2019,
7/16/2019,
7/17/2019,
7/18/2019,
7/19/2019,
7/20/2019,
7/21/2019,
7/22/2019,
7/23/2019,
7/24/2019,
7/25/2019,
7/26/2019,
7/27/2019,
7/28/2019,
7/29/2019,
7/30/2019,
7/31/2019,
8/1/2019,
8/2/2019,
8/3/2019,
8/4/2019,
8/5/2019,
8/6/2019,
8/7/2019,
8/8/2019,
8/9/2019,
8/10/2019,
8/11/2019,
8/12/2019,
8/13/2019,
8/14/2019,
8/15/2019,
8/16/2019,
8/17/2019,
8/18/2019,
8/19/2019,
8/20/2019,
8/21/2019,
8/22/2019,
8/23/2019,
8/24/2019,
8/25/2019,
8/26/2019,
8/27/2019,
8/28/2019,
8/29/2019,
8/30/2019,
8/31/2019,
9/1/2019,
9/2/2019,
9/3/2019,
9/4/2019,
9/5/2019,
9/6/2019,
9/7/2019,
9/8/2019,
9/9/2019,
9/10/2019,
9/11/2019,
9/12/2019,
9/13/2019,
9/14/2019,
9/15/2019,
9/16/2019,
9/17/2019,
9/18/2019,
9/19/2019,
9/20/2019,
9/21/2019,
9/22/2019,
9/23/2019,
9/24/2019,
9/25/2019,
9/26/2019,
9/27/2019,
9/28/2019,
9/29/2019,
9/30/2019,
10/1/2019,
10/2/2019,
10/3/2019,
10/4/2019,
10/5/2019,
10/6/2019,
10/7/2019,
10/8/2019,
10/9/2019,
10/10/2019,
10/11/2019,
10/12/2019,
10/13/2019,
10/14/2019,
10/15/2019,
10/16/2019,
10/17/2019,
10/18/2019,
10/19/2019,
10/20/2019,
10/21/2019,
10/22/2019,
10/23/2019,
10/24/2019,
10/25/2019,
10/26/2019,
10/27/2019,
10/28/2019,
10/29/2019,
10/30/2019,
10/31/2019,
11/1/2019,
11/2/2019,
11/3/2019,
11/4/2019,
11/5/2019,
11/6/2019,
11/7/2019,
11/8/2019,
11/9/2019,
11/10/2019,
11/11/2019,
11/12/2019,
