mean_fit_time,mean_score_time,mean_test_score,mean_train_score,param_SVM__C,param_SVM__gamma,params,rank_test_score,split0_test_score,split0_train_score,split1_test_score,split1_train_score,split2_test_score,split2_train_score,split3_test_score,split3_train_score,split4_test_score,split4_train_score,std_fit_time,std_score_time,std_test_score,std_train_score
0.0023986339569091798,0.0013995170593261719,0.5202380952380952,0.5687121212121212,1.0,0.01,"{'SVM__C': 1.0, 'SVM__gamma': 0.01}",200,0.6500000000000001,0.5624999999999999,0.5000000000000001,0.55,0.5,0.5333333333333332,0.5,0.5852272727272728,0.425,0.6125,0.0004903706859937481,0.0004909546502999496,0.07464959717424234,0.027678587826310296
0.0026023387908935547,0.0011958599090576172,0.6646825396825397,0.7415151515151516,1.0,0.0311111111111,"{'SVM__C': 1.0, 'SVM__gamma': 0.03111111111111111}",187,0.8166666666666668,0.725,0.5833333333333335,0.75,0.7333333333333333,0.7083333333333334,0.6916666666666667,0.7299242424242425,0.46666666666666673,0.7943181818181818,0.0008026438429704388,0.0003995201521744096,0.1206218664616092,0.029557689774293724
0.0022020816802978517,0.0012000083923339843,0.6769841269841269,0.8223376623376624,1.0,0.0522222222222,"{'SVM__C': 1.0, 'SVM__gamma': 0.052222222222222225}",173,0.8375000000000001,0.8874999999999998,0.5833333333333335,0.7696428571428571,0.7,0.7833333333333333,0.775,0.8003787878787879,0.46666666666666673,0.8708333333333335,0.00040004638103583834,0.0007489548349443128,0.1310902953421031,0.04770373716604998
0.002000284194946289,0.000599527359008789,0.6579365079365079,0.8550757575757576,1.0,0.0733333333333,"{'SVM__C': 1.0, 'SVM__gamma': 0.073333333333333334}",192,0.7125,0.9249999999999999,0.5833333333333335,0.7875,0.7,0.85,0.775,0.8295454545454546,0.5166666666666667,0.8833333333333334,0.0006320348264902888,0.0004895145470454007,0.09022652478486767,0.04675881300038288
0.0016024112701416016,0.0010003089904785157,0.63994708994709,0.8806709956709957,1.0,0.0944444444444,"{'SVM__C': 1.0, 'SVM__gamma': 0.094444444444444442}",195,0.7625000000000002,0.919642857142857,0.5833333333333335,0.8625,0.7,0.875,0.775,0.8545454545454545,0.35000000000000003,0.8916666666666667,0.0004915483656930367,5.56082906231432e-07,0.15052384081529774,0.02317153401009578
0.0020001888275146484,0.0010026454925537109,0.6496031746031746,0.8918831168831168,1.0,0.115555555556,"{'SVM__C': 1.0, 'SVM__gamma': 0.11555555555555555}",194,0.7625000000000002,0.907142857142857,0.6333333333333334,0.8875,0.7,0.9,0.8166666666666668,0.8731060606060607,0.3,0.8916666666666667,0.0006324850929980568,5.44012477758471e-06,0.17213053480672624,0.011580845142448622
0.00180206298828125,0.0008005142211914062,0.631084656084656,0.9022619047619047,1.0,0.136666666667,"{'SVM__C': 1.0, 'SVM__gamma': 0.13666666666666669}",197,0.6791666666666668,0.907142857142857,0.6333333333333334,0.9125000000000001,0.7,0.9,0.8166666666666668,0.9125000000000001,0.3,0.8791666666666667,0.0007495803019682738,0.0007480490972490815,0.16324163518442825,0.012425515041087102
0.001599597930908203,0.0004002571105957031,0.5874338624338624,0.903095238095238,1.0,0.157777777778,"{'SVM__C': 1.0, 'SVM__gamma': 0.15777777777777779}",199,0.6791666666666668,0.907142857142857,0.6333333333333334,0.9125000000000001,0.7,0.9,0.5666666666666667,0.9,0.3,0.8958333333333334,0.0004904083073134365,0.0004902136783269751,0.13947592618660296,0.0059452338043732246
0.0018033981323242188,0.0012035369873046875,0.5985449735449736,0.905595238095238,1.0,0.178888888889,"{'SVM__C': 1.0, 'SVM__gamma': 0.1788888888888889}",198,0.6791666666666668,0.907142857142857,0.6833333333333333,0.925,0.7,0.9,0.5666666666666667,0.9,0.3,0.8958333333333334,0.0007535657676059443,0.0007524241508604303,0.1445877622527345,0.01036193102237569
0.003002452850341797,0.0010028839111328124,0.639021164021164,0.905595238095238,1.0,0.2,"{'SVM__C': 1.0, 'SVM__gamma': 0.20000000000000001}",196,0.6791666666666668,0.907142857142857,0.6833333333333333,0.925,0.7833333333333333,0.9,0.5666666666666667,0.9,0.43333333333333335,0.8958333333333334,0.0012686269074034815,1.0182455303222e-06,0.11572823061642314,0.01036193102237569
0.0018032073974609375,0.001201486587524414,0.6567460317460317,0.6767424242424243,2.0,0.01,"{'SVM__C': 2.0, 'SVM__gamma': 0.01}",193,0.7333333333333335,0.5874999999999999,0.5000000000000001,0.7,0.7333333333333333,0.7083333333333334,0.775,0.6844696969696971,0.55,0.7034090909090909,0.00039998968228145617,0.00039777164688054305,0.11137723232814845,0.04532975293752894
0.0020014762878417967,0.0008008480072021484,0.6915343915343914,0.8525757575757575,2.0,0.0311111111111,"{'SVM__C': 2.0, 'SVM__gamma': 0.03111111111111111}",153,0.8375000000000001,0.9249999999999999,0.5833333333333335,0.7875,0.7,0.8625,0.775,0.8295454545454546,0.55,0.8583333333333333,0.0006325636695923904,0.0004004292098794574,0.10984137656609591,0.0450381177198851
0.0018037796020507813,0.001200723648071289,0.6728835978835979,0.8835497835497834,2.0,0.0522222222222,"{'SVM__C': 2.0, 'SVM__gamma': 0.052222222222222225}",180,0.7125,0.8946428571428572,0.6833333333333333,0.8625,0.7,0.875,0.9,0.8897727272727274,0.35000000000000003,0.8958333333333334,0.001171765234613403,0.0004085696597649368,0.16653578362190333,0.012875240516946518
0.001406717300415039,0.0007987499237060546,0.7030423280423281,0.9030952380952382,2.0,0.0733333333333,"{'SVM__C': 2.0, 'SVM__gamma': 0.073333333333333334}",132,0.6791666666666668,0.907142857142857,0.6833333333333333,0.9125000000000001,0.7833333333333333,0.9,0.9,0.9125000000000001,0.46666666666666673,0.8833333333333334,0.0005006498010376922,0.000399381718957851,0.13443289655329516,0.010893995516888891
0.001398754119873047,0.0008000373840332031,0.7030423280423281,0.9080952380952381,2.0,0.0944444444444,"{'SVM__C': 2.0, 'SVM__gamma': 0.094444444444444442}",132,0.6791666666666668,0.907142857142857,0.6833333333333333,0.925,0.7833333333333333,0.9125,0.9,0.9125000000000001,0.46666666666666673,0.8833333333333334,0.0004896290021089602,0.00040001881990829716,0.13443289655329516,0.013701341444165757
0.001399087905883789,0.0,0.6593915343915344,0.9105952380952381,2.0,0.115555555556,"{'SVM__C': 2.0, 'SVM__gamma': 0.11555555555555555}",188,0.6791666666666668,0.907142857142857,0.6833333333333333,0.925,0.7833333333333333,0.9125,0.65,0.9125000000000001,0.46666666666666673,0.8958333333333334,0.0004893568232853859,0.0,0.09942229583414937,0.00942959349919661
0.001199960708618164,0.0004021167755126953,0.6593915343915344,0.9145238095238095,2.0,0.136666666667,"{'SVM__C': 2.0, 'SVM__gamma': 0.13666666666666669}",188,0.6791666666666668,0.907142857142857,0.6833333333333333,0.9375,0.7833333333333333,0.9071428571428571,0.65,0.9125000000000001,0.46666666666666673,0.9083333333333333,0.0003999487973505415,0.0004925079155275543,0.09942229583414937,0.011655728594570787
0.001803112030029297,0.001001596450805664,0.6593915343915344,0.9180952380952381,2.0,0.157777777778,"{'SVM__C': 2.0, 'SVM__gamma': 0.15777777777777779}",188,0.6791666666666668,0.8946428571428572,0.6833333333333333,0.9375,0.7833333333333333,0.925,0.65,0.925,0.46666666666666673,0.9083333333333333,0.0004024576066742878,0.0006352059985675366,0.09942229583414937,0.014947944443431012
0.0016011238098144532,0.0020042896270751954,0.6593915343915344,0.928095238095238,2.0,0.178888888889,"{'SVM__C': 2.0, 'SVM__gamma': 0.1788888888888889}",188,0.6791666666666668,0.919642857142857,0.6833333333333333,0.9375,0.7833333333333333,0.9375,0.65,0.9375000000000001,0.46666666666666673,0.9083333333333333,0.001199531905847038,0.0012714544162086801,0.09942229583414937,0.012060881087537128
0.0009993553161621095,0.0005996227264404297,0.6768518518518519,0.9320238095238095,2.0,0.2,"{'SVM__C': 2.0, 'SVM__gamma': 0.20000000000000001}",174,0.6791666666666668,0.919642857142857,0.6833333333333333,0.932142857142857,0.7833333333333333,0.95,0.65,0.9375000000000001,0.5666666666666668,0.9208333333333333,8.064048063892252e-07,0.000489590053050404,0.06779297325831073,0.011239759763735443
0.0012006282806396485,0.0006000041961669922,0.687962962962963,0.7286363636363636,3.0,0.01,"{'SVM__C': 3.0, 'SVM__gamma': 0.01}",164,0.8166666666666668,0.6999999999999998,0.5833333333333335,0.75,0.7333333333333333,0.7083333333333334,0.775,0.7071969696969698,0.5166666666666667,0.7776515151515153,0.0003994949394996377,0.0004899022410716795,0.11394963321768453,0.03016883163471633
0.0016015529632568359,0.0008036613464355469,0.7152116402116402,0.8650757575757577,3.0,0.0311111111111,"{'SVM__C': 3.0, 'SVM__gamma': 0.03111111111111111}",82,0.8375000000000001,0.9125,0.6833333333333333,0.8125,0.7,0.875,0.9,0.8420454545454545,0.43333333333333335,0.8833333333333334,0.0004912330163994672,0.0004018514250288815,0.15307539325348246,0.034570199802964635
0.0024033546447753905,0.0009981155395507812,0.7030423280423281,0.9005952380952381,3.0,0.0522222222222,"{'SVM__C': 3.0, 'SVM__gamma': 0.052222222222222225}",132,0.6791666666666668,0.907142857142857,0.6833333333333333,0.9125000000000001,0.7833333333333333,0.9,0.9,0.9,0.46666666666666673,0.8833333333333334,0.0007986634743236026,0.0006321898267748226,0.13443289655329516,0.009831344200982157
0.0010002613067626952,0.0008007049560546875,0.7030423280423281,0.9105952380952381,3.0,0.0733333333333,"{'SVM__C': 3.0, 'SVM__gamma': 0.073333333333333334}",132,0.6791666666666668,0.907142857142857,0.6833333333333333,0.925,0.7833333333333333,0.9125,0.9,0.9125000000000001,0.46666666666666673,0.8958333333333334,9.60800250988478e-07,0.0004003558288223177,0.13443289655329516,0.00942959349919661
0.0012000083923339843,0.0010011672973632812,0.7175925925925928,0.9145238095238095,3.0,0.0944444444444,"{'SVM__C': 3.0, 'SVM__gamma': 0.094444444444444442}",79,0.6791666666666668,0.8946428571428572,0.6833333333333333,0.9375,0.7833333333333333,0.9071428571428571,0.9,0.9375000000000001,0.55,0.8958333333333334,0.0003998057183511023,2.520480210571768e-06,0.11042807030172361,0.01926071277729209
0.002005147933959961,0.0009977340698242188,0.6681216931216931,0.9209523809523809,3.0,0.115555555556,"{'SVM__C': 3.0, 'SVM__gamma': 0.11555555555555555}",182,0.6791666666666668,0.919642857142857,0.6833333333333333,0.9196428571428571,0.7833333333333333,0.9196428571428571,0.65,0.9375000000000001,0.5166666666666667,0.9083333333333333,0.0008979897252412866,2.6736918962242483e-06,0.08294605355900549,0.009361715833970287
0.0018033027648925782,0.0012063026428222657,0.6681216931216931,0.9295238095238094,3.0,0.136666666667,"{'SVM__C': 3.0, 'SVM__gamma': 0.13666666666666669}",182,0.6791666666666668,0.919642857142857,0.6833333333333333,0.932142857142857,0.7833333333333333,0.95,0.65,0.9375000000000001,0.5166666666666667,0.9083333333333333,0.0004011416676067824,0.0007534046655943394,0.08294605355900549,0.014397381029161755
0.001602935791015625,0.0008005142211914062,0.6681216931216931,0.943095238095238,3.0,0.157777777778,"{'SVM__C': 3.0, 'SVM__gamma': 0.15777777777777779}",182,0.6791666666666668,0.919642857142857,0.6833333333333333,0.95,0.7833333333333333,0.975,0.65,0.9625,0.5166666666666667,0.9083333333333333,0.0008070200671946397,0.00040029360736803604,0.08294605355900549,0.02530034999264967
0.0016011238098144532,0.0012045860290527343,0.6681216931216931,0.9420238095238094,3.0,0.178888888889,"{'SVM__C': 3.0, 'SVM__gamma': 0.1788888888888889}",182,0.6791666666666668,0.9321428571428569,0.6833333333333333,0.95,0.7833333333333333,0.9571428571428571,0.65,0.9625,0.5166666666666667,0.9083333333333333,0.0004897075734614074,0.0004063443489726967,0.08294605355900549,0.019718828554112583
0.0018011093139648437,0.0008038520812988281,0.6914021164021165,0.9445238095238094,3.0,0.2,"{'SVM__C': 3.0, 'SVM__gamma': 0.20000000000000001}",154,0.6791666666666668,0.9321428571428569,0.6833333333333333,0.95,0.7833333333333333,0.9696428571428571,0.65,0.9625,0.65,0.9083333333333333,0.0007493112716925122,0.00040196831112403555,0.04889020231749978,0.022123006975583687
0.002802133560180664,0.0012037277221679688,0.7313492063492064,0.7834848484848486,4.0,0.01,"{'SVM__C': 4.0, 'SVM__gamma': 0.01}",55,0.9000000000000001,0.7875,0.5833333333333335,0.75,0.7833333333333333,0.7333333333333333,0.775,0.7943181818181819,0.6000000000000001,0.8522727272727273,0.0011682243733379856,0.00039880621158807185,0.12284934965644029,0.0412350927511569
0.001600027084350586,0.0007998466491699219,0.7408730158730158,0.893095238095238,4.0,0.0311111111111,"{'SVM__C': 4.0, 'SVM__gamma': 0.03111111111111111}",29,0.8875000000000002,0.907142857142857,0.6833333333333333,0.8875,0.7,0.875,0.9,0.9125000000000001,0.5166666666666667,0.8833333333333334,0.0004896882440627325,0.00039992350936144907,0.13804477047165875,0.014338197244659357
0.0018018722534179688,0.0014040946960449218,0.691931216931217,0.9105952380952381,4.0,0.0522222222222,"{'SVM__C': 4.0, 'SVM__gamma': 0.052222222222222225}",152,0.6291666666666668,0.907142857142857,0.6833333333333333,0.9375,0.7833333333333333,0.9125,0.9,0.9125000000000001,0.46666666666666673,0.8833333333333334,0.0007493233638205756,0.0008041657771302063,0.13796692608713704,0.01724095608988734
0.0030040740966796875,0.0014018535614013672,0.7175925925925928,0.9120238095238096,4.0,0.0733333333333,"{'SVM__C': 4.0, 'SVM__gamma': 0.073333333333333334}",79,0.6791666666666668,0.8946428571428572,0.6833333333333333,0.9375,0.7833333333333333,0.9071428571428571,0.9,0.9375000000000001,0.55,0.8833333333333334,0.0012674992725650457,0.000798983843110713,0.11042807030172361,0.02212300697558366
0.0020020008087158203,0.0010042667388916015,0.7117724867724868,0.9234523809523809,4.0,0.0944444444444,"{'SVM__C': 4.0, 'SVM__gamma': 0.094444444444444442}",93,0.6791666666666668,0.919642857142857,0.6833333333333333,0.9196428571428571,0.7833333333333333,0.932142857142857,0.9,0.9375000000000001,0.5166666666666667,0.9083333333333333,0.0006340715821906088,5.317108500361026e-06,0.11960477353873292,0.010300199236344445
0.002402210235595703,0.0012005805969238282,0.6681216931216931,0.9370238095238095,4.0,0.115555555556,"{'SVM__C': 4.0, 'SVM__gamma': 0.11555555555555555}",182,0.6791666666666668,0.9321428571428569,0.6833333333333333,0.95,0.7833333333333333,0.9446428571428571,0.65,0.9500000000000001,0.5166666666666667,0.9083333333333333,0.0018543620344587037,0.00040202187468101584,0.08294605355900549,0.015759314993688506
0.002205562591552734,0.001199483871459961,0.6826719576719578,0.9395238095238094,4.0,0.136666666667,"{'SVM__C': 4.0, 'SVM__gamma': 0.13666666666666669}",165,0.6791666666666668,0.9321428571428569,0.6833333333333333,0.95,0.7833333333333333,0.9571428571428571,0.65,0.9625,0.6000000000000001,0.8958333333333334,0.00040180287514530896,0.0007454105840209651,0.058935882479268925,0.024130573563404284
0.002001047134399414,0.0010066032409667969,0.6826719576719578,0.9445238095238094,4.0,0.157777777778,"{'SVM__C': 4.0, 'SVM__gamma': 0.15777777777777779}",165,0.6791666666666668,0.9321428571428569,0.6833333333333333,0.95,0.7833333333333333,0.9696428571428571,0.65,0.9625,0.6000000000000001,0.9083333333333333,7.539457464619588e-07,0.00064187320678618,0.058935882479268925,0.022123006975583687
0.002202272415161133,0.0010010719299316407,0.6715608465608466,0.9495238095238093,4.0,0.178888888889,"{'SVM__C': 4.0, 'SVM__gamma': 0.1788888888888889}",181,0.6791666666666668,0.9321428571428569,0.6333333333333334,0.9625,0.7833333333333333,0.9696428571428571,0.65,0.9625,0.6000000000000001,0.9208333333333333,0.00040055635408006897,0.0006328112807251081,0.06237659634929464,0.01932242244311766
0.0014023303985595704,0.0014038562774658203,0.6802910052910053,0.9630952380952381,4.0,0.2,"{'SVM__C': 4.0, 'SVM__gamma': 0.20000000000000001}",172,0.6791666666666668,0.9571428571428571,0.6333333333333334,0.9625,0.7833333333333333,0.9875,0.65,0.9750000000000001,0.65,0.9333333333333333,0.0004914827555456235,0.0004954091938869576,0.05478737937240255,0.018214674754637658
0.0018016815185546875,0.001002931594848633,0.7313492063492064,0.8238636363636364,5.0,0.01,"{'SVM__C': 5.0, 'SVM__gamma': 0.01}",55,0.9000000000000001,0.8749999999999999,0.5833333333333335,0.7875,0.7833333333333333,0.7875,0.775,0.8170454545454546,0.6000000000000001,0.8522727272727273,0.00039957037358540385,6.433945239990377e-06,0.12284934965644029,0.03496604019534021
0.0022010326385498045,0.001200246810913086,0.7382275132275132,0.890595238095238,5.0,0.0311111111111,"{'SVM__C': 5.0, 'SVM__gamma': 0.03111111111111111}",30,0.8375000000000001,0.907142857142857,0.6833333333333333,0.8875,0.7833333333333333,0.875,0.9,0.9,0.46666666666666673,0.8833333333333334,0.000749234599721459,0.0004023141369845281,0.14396199130211884,0.011556820094772912
0.0018064498901367188,0.000994253158569336,0.7064814814814816,0.9120238095238096,5.0,0.0522222222222,"{'SVM__C': 5.0, 'SVM__gamma': 0.052222222222222225}",98,0.6291666666666668,0.8946428571428572,0.6833333333333333,0.9375,0.7833333333333333,0.9071428571428571,0.9,0.9375000000000001,0.55,0.8833333333333334,0.0007489047716153915,3.2319570928250397e-06,0.1161049824125351,0.02212300697558366
0.0016013145446777343,0.0012043476104736327,0.7263227513227515,0.915952380952381,5.0,0.0733333333333,"{'SVM__C': 5.0, 'SVM__gamma': 0.073333333333333334}",58,0.6791666666666668,0.919642857142857,0.6833333333333333,0.9196428571428571,0.7833333333333333,0.9196428571428571,0.9,0.9375000000000001,0.6000000000000001,0.8833333333333334,0.0004892825267082722,0.0007488396478479288,0.09812456932365239,0.017715309750226914
0.002203083038330078,0.0014016151428222657,0.7263227513227515,0.9345238095238095,5.0,0.0944444444444,"{'SVM__C': 5.0, 'SVM__gamma': 0.094444444444444442}",58,0.6791666666666668,0.9321428571428569,0.6833333333333333,0.95,0.7833333333333333,0.9446428571428571,0.9,0.9500000000000001,0.6000000000000001,0.8958333333333334,0.0007481960909089421,0.0004920628031946468,0.09812456932365239,0.020415885727116407
0.0018023967742919922,0.0012010574340820313,0.6826719576719578,0.9395238095238094,5.0,0.115555555556,"{'SVM__C': 5.0, 'SVM__gamma': 0.11555555555555555}",165,0.6791666666666668,0.9321428571428569,0.6833333333333333,0.95,0.7833333333333333,0.9571428571428571,0.65,0.9625,0.6000000000000001,0.8958333333333334,0.00040017677188903915,0.0004012006688548482,0.058935882479268925,0.024130573563404284
0.0022017955780029297,0.0009984970092773438,0.6826719576719578,0.9520238095238096,5.0,0.136666666667,"{'SVM__C': 5.0, 'SVM__gamma': 0.13666666666666669}",165,0.6791666666666668,0.9446428571428572,0.6833333333333333,0.9625,0.7833333333333333,0.9696428571428571,0.65,0.9625,0.6000000000000001,0.9208333333333333,0.00039994888262657655,9.887905766166553e-07,0.058935882479268925,0.0176479813906728
0.001806926727294922,0.0011981964111328126,0.6826719576719578,0.9545238095238094,5.0,0.157777777778,"{'SVM__C': 5.0, 'SVM__gamma': 0.15777777777777779}",165,0.6791666666666668,0.9571428571428571,0.6833333333333333,0.9625,0.7833333333333333,0.9696428571428571,0.65,0.9625,0.6000000000000001,0.9208333333333333,0.00040293736981576175,0.0004027590484595037,0.058935882479268925,0.017307411281320257
0.0018033027648925782,0.00120086669921875,0.6914021164021165,0.9630952380952381,5.0,0.178888888889,"{'SVM__C': 5.0, 'SVM__gamma': 0.1788888888888889}",154,0.6791666666666668,0.9571428571428571,0.6833333333333333,0.9625,0.7833333333333333,0.9875,0.65,0.9750000000000001,0.65,0.9333333333333333,0.00040076274191906604,0.00040203467910375897,0.04889020231749978,0.018214674754637658
0.0024024009704589843,0.001798868179321289,0.7001322751322753,0.968095238095238,5.0,0.2,"{'SVM__C': 5.0, 'SVM__gamma': 0.20000000000000001}",136,0.6791666666666668,0.9571428571428571,0.6833333333333333,0.9750000000000001,0.7833333333333333,1.0,0.65,0.9750000000000001,0.7000000000000001,0.9333333333333333,0.0004906046480313568,0.000747503440882769,0.045029435392754606,0.02209800885747069
0.0018012523651123047,0.0008022308349609375,0.735978835978836,0.8196969696969697,6.0,0.01,"{'SVM__C': 6.0, 'SVM__gamma': 0.01}",42,0.9000000000000001,0.8874999999999998,0.5833333333333335,0.775,0.7,0.7708333333333334,0.9,0.8295454545454546,0.6000000000000001,0.8356060606060607,0.0007485836157654165,0.0004011342932576511,0.13910162593830572,0.04320374244069069
0.002399587631225586,0.0006003856658935546,0.7342592592592594,0.9005952380952381,6.0,0.0311111111111,"{'SVM__C': 6.0, 'SVM__gamma': 0.03111111111111111}",49,0.7541666666666668,0.8946428571428572,0.6833333333333333,0.9,0.7833333333333333,0.9125,0.9,0.9125000000000001,0.55,0.8833333333333334,0.0013564034788107605,0.0004902133304576181,0.10902163425326998,0.011110402471733411
0.002199602127075195,0.001200389862060547,0.7263227513227515,0.9145238095238095,6.0,0.0522222222222,"{'SVM__C': 6.0, 'SVM__gamma': 0.052222222222222225}",58,0.6791666666666668,0.8946428571428572,0.6833333333333333,0.9375,0.7833333333333333,0.9196428571428571,0.9,0.9375000000000001,0.6000000000000001,0.8833333333333334,0.0003986606863954404,0.0004004502585952266,0.09812456932365239,0.022136455807941817
0.0020031452178955076,0.0011989116668701173,0.7263227513227515,0.9355952380952381,6.0,0.0733333333333,"{'SVM__C': 6.0, 'SVM__gamma': 0.073333333333333334}",58,0.6791666666666668,0.9499999999999998,0.6833333333333333,0.95,0.7833333333333333,0.9446428571428571,0.9,0.9375000000000001,0.6000000000000001,0.8958333333333334,0.0006334686870820722,0.0003986839614490071,0.09812456932365239,0.02040338662921039
0.0028011322021484373,0.0008015632629394531,0.7263227513227515,0.9395238095238094,6.0,0.0944444444444,"{'SVM__C': 6.0, 'SVM__gamma': 0.094444444444444442}",58,0.6791666666666668,0.9321428571428569,0.6833333333333333,0.95,0.7833333333333333,0.9571428571428571,0.9,0.9625,0.6000000000000001,0.8958333333333334,0.0016008864600103843,0.00040080626682631595,0.09812456932365239,0.024130573563404284
0.001800394058227539,0.0010037899017333984,0.6826719576719578,0.9545238095238094,6.0,0.115555555556,"{'SVM__C': 6.0, 'SVM__gamma': 0.11555555555555555}",165,0.6791666666666668,0.9571428571428571,0.6833333333333333,0.9625,0.7833333333333333,0.9696428571428571,0.65,0.9625,0.6000000000000001,0.9208333333333333,0.0003998758398829301,5.087653605785042e-06,0.058935882479268925,0.017307411281320257
0.002003002166748047,0.0009975910186767578,0.6914021164021165,0.9545238095238094,6.0,0.136666666667,"{'SVM__C': 6.0, 'SVM__gamma': 0.13666666666666669}",154,0.6791666666666668,0.9571428571428571,0.6833333333333333,0.9625,0.7833333333333333,0.9696428571428571,0.65,0.9625,0.65,0.9208333333333333,2.635145545892353e-06,0.0006301494317001747,0.04889020231749978,0.017307411281320257
0.0018015861511230468,0.0012006282806396485,0.6914021164021165,0.9670238095238094,6.0,0.157777777778,"{'SVM__C': 6.0, 'SVM__gamma': 0.15777777777777779}",154,0.6791666666666668,0.9571428571428571,0.6833333333333333,0.9750000000000001,0.7833333333333333,0.9821428571428571,0.65,0.9750000000000001,0.65,0.9458333333333333,0.0003992817690400518,0.0007499996631085349,0.04889020231749978,0.013434986647300872
0.0020041465759277344,0.0010010242462158204,0.6914021164021165,0.9730952380952381,6.0,0.178888888889,"{'SVM__C': 6.0, 'SVM__gamma': 0.1788888888888889}",154,0.6791666666666668,0.969642857142857,0.6833333333333333,0.9750000000000001,0.7833333333333333,1.0,0.65,0.9750000000000001,0.65,0.9458333333333333,0.0006346731056877447,2.7499906263916426e-06,0.04889020231749978,0.017240956089887377
0.0020018100738525392,0.0011971950531005859,0.7191798941798943,0.9780952380952381,6.0,0.2,"{'SVM__C': 6.0, 'SVM__gamma': 0.20000000000000001}",77,0.6791666666666668,0.969642857142857,0.6833333333333333,0.9750000000000001,0.8333333333333334,1.0,0.65,0.9750000000000001,0.75,0.9708333333333333,0.000633402765357473,0.0004006189774201178,0.06581608374635044,0.011163848766190655
0.0020006179809570314,0.0010022640228271485,0.7325396825396826,0.8396969696969696,7.0,0.01,"{'SVM__C': 7.0, 'SVM__gamma': 0.01}",53,0.9500000000000001,0.9249999999999999,0.5833333333333335,0.775,0.7,0.7958333333333333,0.9,0.8420454545454545,0.5166666666666667,0.8606060606060607,0.0010967600796253825,5.813503514910954e-06,0.16943282737768756,0.05259092873418348
0.0016023635864257813,0.000999784469604492,0.7342592592592594,0.9091666666666667,7.0,0.0311111111111,"{'SVM__C': 7.0, 'SVM__gamma': 0.03111111111111111}",49,0.7541666666666668,0.9125,0.6833333333333333,0.925,0.7833333333333333,0.9125,0.9,0.9125000000000001,0.55,0.8833333333333334,0.0004919933934878298,3.018043975533802e-06,0.10902163425326998,0.013794121131039023
0.001201295852661133,0.0010013103485107422,0.7263227513227515,0.9195238095238094,7.0,0.0522222222222,"{'SVM__C': 7.0, 'SVM__gamma': 0.052222222222222225}",58,0.6791666666666668,0.919642857142857,0.6833333333333333,0.9375,0.7833333333333333,0.9196428571428571,0.9,0.9375000000000001,0.6000000000000001,0.8833333333333334,0.0003998775457113482,4.900995314609374e-06,0.09812456932365239,0.01977910897708583
0.0018013477325439452,0.0009992122650146484,0.7263227513227515,0.9380952380952381,7.0,0.0733333333333,"{'SVM__C': 7.0, 'SVM__gamma': 0.073333333333333334}",58,0.6791666666666668,0.9499999999999998,0.6833333333333333,0.95,0.7833333333333333,0.9446428571428571,0.9,0.9500000000000001,0.6000000000000001,0.8958333333333334,0.0007467607360220283,0.0006312798855658367,0.09812456932365239,0.021232569214884273
0.0018025875091552735,0.0011988639831542968,0.7263227513227515,0.9495238095238093,7.0,0.0944444444444,"{'SVM__C': 7.0, 'SVM__gamma': 0.094444444444444442}",58,0.6791666666666668,0.9571428571428571,0.6833333333333333,0.95,0.7833333333333333,0.9571428571428571,0.9,0.9625,0.6000000000000001,0.9208333333333333,0.0004005377803161601,0.0004007586002256551,0.09812456932365239,0.01488523747827292
0.0026064395904541017,0.0009953975677490234,0.6914021164021165,0.9580952380952381,7.0,0.115555555556,"{'SVM__C': 7.0, 'SVM__gamma': 0.11555555555555555}",154,0.6791666666666668,0.9571428571428571,0.6833333333333333,0.9625,0.7833333333333333,0.9875,0.65,0.9625,0.65,0.9208333333333333,0.0008043926478135631,4.046097457045827e-06,0.04889020231749978,0.02141401622075946
0.0016004085540771485,0.0010062217712402343,0.6914021164021165,0.9645238095238096,7.0,0.136666666667,"{'SVM__C': 7.0, 'SVM__gamma': 0.13666666666666669}",154,0.6791666666666668,0.9571428571428571,0.6833333333333333,0.9750000000000001,0.7833333333333333,0.9821428571428571,0.65,0.9750000000000001,0.65,0.9333333333333335,0.0004897071323714577,7.012262905179281e-06,0.04889020231749978,0.017647981390672758
0.0020021438598632813,0.000999784469604492,0.6914021164021165,0.9695238095238097,7.0,0.157777777778,"{'SVM__C': 7.0, 'SVM__gamma': 0.15777777777777779}",154,0.6791666666666668,0.969642857142857,0.6833333333333333,0.9750000000000001,0.7833333333333333,0.9821428571428571,0.65,0.9750000000000001,0.65,0.9458333333333333,0.0006330191812673476,1.6966292261750408e-06,0.04889020231749978,0.01249376261613732
0.001803112030029297,0.001200389862060547,0.7001322751322753,0.9880952380952381,7.0,0.178888888889,"{'SVM__C': 7.0, 'SVM__gamma': 0.1788888888888889}",136,0.6791666666666668,0.969642857142857,0.6833333333333333,0.9875,0.7833333333333333,1.0,0.65,1.0,0.7000000000000001,0.9833333333333333,0.00040076872176801213,0.0003972397087598734,0.045029435392754606,0.011375123033896473
0.0020062923431396484,0.0012007713317871093,0.7191798941798943,0.9916666666666666,7.0,0.2,"{'SVM__C': 7.0, 'SVM__gamma': 0.20000000000000001}",77,0.6791666666666668,0.9874999999999999,0.6833333333333333,0.9875,0.8333333333333334,1.0,0.65,1.0,0.75,0.9833333333333333,0.0006379975687246835,0.000399786444290598,0.06581608374635044,0.006972166887783978
0.002003192901611328,0.0011995315551757812,0.7325396825396826,0.8446969696969695,8.0,0.01,"{'SVM__C': 8.0, 'SVM__gamma': 0.01}",53,0.9500000000000001,0.9249999999999999,0.5833333333333335,0.7875,0.7,0.8083333333333333,0.9,0.8420454545454545,0.5166666666666667,0.8606060606060607,4.176070031320823e-06,0.000400044278067657,0.16943282737768756,0.047544744765546224
0.0022039413452148438,0.000998544692993164,0.7342592592592594,0.9141666666666668,8.0,0.0311111111111,"{'SVM__C': 8.0, 'SVM__gamma': 0.03111111111111111}",49,0.7541666666666668,0.9125,0.6833333333333333,0.9375,0.7833333333333333,0.9125,0.9,0.925,0.55,0.8833333333333334,0.0007512636995511084,2.3765441502336713e-06,0.10902163425326998,0.01798919428743573
0.0020040035247802734,0.0010024070739746093,0.7263227513227515,0.930595238095238,8.0,0.0522222222222,"{'SVM__C': 8.0, 'SVM__gamma': 0.052222222222222225}",58,0.6791666666666668,0.9499999999999998,0.6833333333333333,0.9375,0.7833333333333333,0.9446428571428571,0.9,0.9375000000000001,0.6000000000000001,0.8833333333333334,0.0011004203523744362,1.0007447680888768e-05,0.09812456932365239,0.024095308676726986
0.0014004707336425781,0.001206350326538086,0.7263227513227515,0.9420238095238094,8.0,0.0733333333333,"{'SVM__C': 8.0, 'SVM__gamma': 0.073333333333333334}",58,0.6791666666666668,0.9321428571428569,0.6833333333333333,0.95,0.7833333333333333,0.9571428571428571,0.9,0.9625,0.6000000000000001,0.9083333333333333,0.0004897849994856591,0.00039835900293014906,0.09812456932365239,0.019718828554112583
0.0024024009704589843,0.0009996891021728516,0.7350529100529101,0.955595238095238,8.0,0.0944444444444,"{'SVM__C': 8.0, 'SVM__gamma': 0.094444444444444442}",43,0.6791666666666668,0.9571428571428571,0.6833333333333333,0.9625,0.7833333333333333,0.975,0.9,0.9625,0.65,0.9208333333333333,0.0014968265317971813,0.0006323349043456915,0.08822181152895502,0.01834492521595929
0.0018036365509033203,0.0009999752044677734,0.6914021164021165,0.9620238095238095,8.0,0.115555555556,"{'SVM__C': 8.0, 'SVM__gamma': 0.11555555555555555}",154,0.6791666666666668,0.9571428571428571,0.6833333333333333,0.9750000000000001,0.7833333333333333,0.9696428571428571,0.65,0.9750000000000001,0.65,0.9333333333333335,0.0004011648894024951,6.088596229367206e-06,0.04889020231749978,0.015759314993688475
0.0018014907836914062,0.001000833511352539,0.7001322751322752,0.9720238095238095,8.0,0.136666666667,"{'SVM__C': 8.0, 'SVM__gamma': 0.13666666666666669}",138,0.6791666666666668,0.969642857142857,0.6833333333333333,0.9750000000000001,0.7833333333333333,0.9821428571428571,0.7000000000000001,0.9875,0.65,0.9458333333333333,0.0003999693483491942,0.0006336174120206069,0.04502943539275461,0.014438665336150118
0.0014011383056640625,0.0010013103485107422,0.708862433862434,0.9858333333333332,8.0,0.157777777778,"{'SVM__C': 8.0, 'SVM__gamma': 0.15777777777777779}",94,0.6791666666666668,0.9874999999999999,0.6833333333333333,0.9750000000000001,0.7833333333333333,1.0,0.7000000000000001,0.9833333333333333,0.7000000000000001,0.9833333333333333,0.0004909952508440361,4.900995314609374e-06,0.03889237557705788,0.00816496580927724
0.0018025875091552735,0.0010004997253417968,0.7191798941798944,0.9916666666666666,8.0,0.178888888889,"{'SVM__C': 8.0, 'SVM__gamma': 0.1788888888888889}",76,0.6791666666666668,0.9874999999999999,0.6833333333333333,0.9875,0.8333333333333334,1.0,0.7000000000000001,1.0,0.7000000000000001,0.9833333333333333,0.0004006159693624072,0.0006340714136518434,0.058811061941532225,0.006972166887783978
0.002000570297241211,0.0008048534393310547,0.7279100529100531,0.9941666666666666,8.0,0.2,"{'SVM__C': 8.0, 'SVM__gamma': 0.20000000000000001}",57,0.6791666666666668,1.0,0.6833333333333333,0.9875,0.8333333333333334,1.0,0.7000000000000001,1.0,0.75,0.9833333333333333,0.0006303893815552006,0.0007506439304145926,0.059026656948438665,0.007264831572567796
0.0024016380310058595,0.0010019779205322266,0.7412698412698413,0.8546969696969695,9.0,0.01,"{'SVM__C': 9.0, 'SVM__gamma': 0.01}",28,0.9000000000000001,0.9249999999999999,0.6333333333333334,0.8125,0.7,0.8333333333333333,0.9,0.8420454545454545,0.5666666666666668,0.8606060606060607,0.001020565886430036,0.0015531443969540757,0.13513521684947785,0.03840438378902694
0.0024062156677246093,0.0005972862243652343,0.7342592592592594,0.9180952380952382,9.0,0.0311111111111,"{'SVM__C': 9.0, 'SVM__gamma': 0.03111111111111111}",49,0.7541666666666668,0.9125,0.6833333333333333,0.9375,0.7833333333333333,0.9196428571428571,0.9,0.9375000000000001,0.55,0.8833333333333334,0.0004960405793894906,0.00048771408042650913,0.10902163425326998,0.019975892500189774
0.0018025875091552735,0.001002025604248047,0.7263227513227515,0.9355952380952381,9.0,0.0522222222222,"{'SVM__C': 9.0, 'SVM__gamma': 0.052222222222222225}",58,0.6791666666666668,0.9499999999999998,0.6833333333333333,0.95,0.7833333333333333,0.9446428571428571,0.9,0.9500000000000001,0.6000000000000001,0.8833333333333334,0.0004008621864445415,0.0006320455469091338,0.09812456932365239,0.026213193610744454
0.0022025108337402344,0.0008015155792236329,0.7263227513227515,0.953095238095238,9.0,0.0733333333333,"{'SVM__C': 9.0, 'SVM__gamma': 0.073333333333333334}",58,0.6791666666666668,0.9571428571428571,0.6833333333333333,0.95,0.7833333333333333,0.975,0.9,0.9625,0.6000000000000001,0.9208333333333333,0.000987319173238487,0.0004007793593242988,0.09812456932365239,0.01808348615879497
0.0016013622283935548,0.0010046958923339844,0.7350529100529101,0.9580952380952381,9.0,0.0944444444444,"{'SVM__C': 9.0, 'SVM__gamma': 0.094444444444444442}",43,0.6791666666666668,0.9571428571428571,0.6833333333333333,0.9625,0.7833333333333333,0.975,0.9,0.9625,0.65,0.9333333333333335,0.0004902935936098842,0.0006341058089753981,0.08822181152895502,0.013701341444165722
0.002200889587402344,0.0006015777587890625,0.7001322751322752,0.9670238095238096,9.0,0.115555555556,"{'SVM__C': 9.0, 'SVM__gamma': 0.11555555555555555}",138,0.6791666666666668,0.969642857142857,0.6833333333333333,0.9750000000000001,0.7833333333333333,0.9696428571428571,0.7000000000000001,0.9875,0.65,0.9333333333333335,0.0003992087807993002,0.000491201929524746,0.04502943539275461,0.01806466715847497
0.0018021106719970704,0.0008050441741943359,0.708862433862434,0.9858333333333332,9.0,0.136666666667,"{'SVM__C': 9.0, 'SVM__gamma': 0.13666666666666669}",94,0.6791666666666668,0.9874999999999999,0.6833333333333333,0.9750000000000001,0.7833333333333333,1.0,0.7000000000000001,0.9833333333333333,0.7000000000000001,0.9833333333333333,0.000400619232820204,0.00040253167216403035,0.03889237557705788,0.00816496580927724
0.002601480484008789,0.0009990692138671874,0.6943121693121694,0.9916666666666666,9.0,0.157777777778,"{'SVM__C': 9.0, 'SVM__gamma': 0.15777777777777779}",141,0.6791666666666668,0.9874999999999999,0.6833333333333333,0.9875,0.7833333333333333,1.0,0.6166666666666667,1.0,0.7000000000000001,0.9833333333333333,0.0012027741612761903,2.3437892393960014e-06,0.052643425419656095,0.006972166887783978
0.0022028446197509765,0.000999593734741211,0.7046296296296297,0.9916666666666666,9.0,0.178888888889,"{'SVM__C': 9.0, 'SVM__gamma': 0.1788888888888889}",99,0.6791666666666668,0.9874999999999999,0.6833333333333333,0.9875,0.8333333333333334,1.0,0.6166666666666667,1.0,0.7000000000000001,0.9833333333333333,0.0004032383119858719,1.311085422980072e-06,0.07083571078764238,0.006972166887783978
0.002001190185546875,0.0010032176971435547,0.7133597883597884,0.9941666666666666,9.0,0.2,"{'SVM__C': 9.0, 'SVM__gamma': 0.20000000000000001}",83,0.6791666666666668,1.0,0.6833333333333333,0.9875,0.8333333333333334,1.0,0.6166666666666667,1.0,0.75,0.9833333333333333,2.0653159930904117e-06,4.7406343542619965e-06,0.07278155937315206,0.007264831572567796
0.0014017581939697265,0.0012058258056640626,0.7472222222222221,0.8680303030303029,10.0,0.01,"{'SVM__C': 10.0, 'SVM__gamma': 0.01}",18,0.8375000000000001,0.9125,0.6833333333333333,0.825,0.7,0.875,0.9,0.8670454545454546,0.6166666666666667,0.8606060606060607,0.0004886402499804807,0.000404311983856258,0.1011426123962005,0.028049338335931612
0.0018055438995361328,0.0016010284423828125,0.7541005291005292,0.920595238095238,10.0,0.0311111111111,"{'SVM__C': 10.0, 'SVM__gamma': 0.03111111111111111}",6,0.8041666666666668,0.9249999999999999,0.6833333333333333,0.9375,0.7833333333333333,0.9196428571428571,0.9,0.9375000000000001,0.6000000000000001,0.8833333333333334,0.00040261657282947966,0.001204604527066631,0.0985356073102982,0.01990125852057973
0.0016010761260986327,0.0008029460906982422,0.7263227513227515,0.9380952380952381,10.0,0.0522222222222,"{'SVM__C': 10.0, 'SVM__gamma': 0.052222222222222225}",58,0.6791666666666668,0.9499999999999998,0.6833333333333333,0.95,0.7833333333333333,0.9446428571428571,0.9,0.9500000000000001,0.6000000000000001,0.8958333333333334,0.0004904504319769038,0.0004014992770488589,0.09812456932365239,0.021232569214884273
0.001802539825439453,0.0011998653411865235,0.7350529100529101,0.955595238095238,10.0,0.0733333333333,"{'SVM__C': 10.0, 'SVM__gamma': 0.073333333333333334}",43,0.6791666666666668,0.9571428571428571,0.6833333333333333,0.9625,0.7833333333333333,0.975,0.9,0.9625,0.65,0.9208333333333333,0.0007503308462960426,0.0003942938637413277,0.08822181152895502,0.01834492521595929
0.002205514907836914,0.000997304916381836,0.7350529100529101,0.9655952380952382,10.0,0.0944444444444,"{'SVM__C': 10.0, 'SVM__gamma': 0.094444444444444442}",43,0.6791666666666668,0.9571428571428571,0.6833333333333333,0.9750000000000001,0.7833333333333333,0.9875,0.9,0.9750000000000001,0.65,0.9333333333333335,0.0003977581564526094,0.0006327255010866466,0.08822181152895502,0.0188095238095238
0.0022023200988769533,0.0006010055541992188,0.7001322751322752,0.9711904761904762,10.0,0.115555555556,"{'SVM__C': 10.0, 'SVM__gamma': 0.11555555555555555}",138,0.6791666666666668,0.969642857142857,0.6833333333333333,0.9750000000000001,0.7833333333333333,0.9696428571428571,0.7000000000000001,0.9708333333333333,0.65,0.9708333333333333,0.0004008799057427798,0.0004907240151450572,0.04502943539275461,0.0019777675864091184
0.0022011756896972655,0.001199626922607422,0.6943121693121694,0.9916666666666666,10.0,0.136666666667,"{'SVM__C': 10.0, 'SVM__gamma': 0.13666666666666669}",141,0.6791666666666668,0.9874999999999999,0.6833333333333333,0.9875,0.7833333333333333,1.0,0.6166666666666667,1.0,0.7000000000000001,0.9833333333333333,0.0007476709721628012,0.0003974069013010016,0.052643425419656095,0.006972166887783978
0.002004861831665039,0.0007967948913574219,0.7046296296296297,0.9916666666666666,10.0,0.157777777778,"{'SVM__C': 10.0, 'SVM__gamma': 0.15777777777777779}",99,0.6791666666666668,0.9874999999999999,0.6833333333333333,0.9875,0.8333333333333334,1.0,0.6166666666666667,1.0,0.7000000000000001,0.9833333333333333,5.775440951782136e-06,0.0003984130403170614,0.07083571078764238,0.006972166887783978
0.002003335952758789,0.0012004852294921875,0.7046296296296297,0.9941666666666666,10.0,0.178888888889,"{'SVM__C': 10.0, 'SVM__gamma': 0.1788888888888889}",99,0.6791666666666668,1.0,0.6833333333333333,0.9875,0.8333333333333334,1.0,0.6166666666666667,1.0,0.7000000000000001,0.9833333333333333,5.463064033917106e-06,0.0004076920168965996,0.07083571078764238,0.007264831572567796
0.002001047134399414,0.0010034561157226563,0.7133597883597884,0.9941666666666666,10.0,0.2,"{'SVM__C': 10.0, 'SVM__gamma': 0.20000000000000001}",83,0.6791666666666668,1.0,0.6833333333333333,0.9875,0.8333333333333334,1.0,0.6166666666666667,1.0,0.75,0.9833333333333333,1.3058723390225556e-06,0.0006366417598901131,0.07278155937315206,0.007264831572567796
0.001802206039428711,0.001003122329711914,0.7253968253968254,0.8619588744588744,11.0,0.01,"{'SVM__C': 11.0, 'SVM__gamma': 0.01}",73,0.8375000000000001,0.8946428571428572,0.6833333333333333,0.8125,0.7,0.875,0.775,0.8670454545454546,0.6166666666666667,0.8606060606060607,0.00040066527028250485,0.0006346939843412232,0.0762416123039907,0.02724774245511926
0.0018035888671875,0.000798797607421875,0.7541005291005292,0.920595238095238,11.0,0.0311111111111,"{'SVM__C': 11.0, 'SVM__gamma': 0.03111111111111111}",6,0.8041666666666668,0.9249999999999999,0.6833333333333333,0.9375,0.7833333333333333,0.9196428571428571,0.9,0.9375000000000001,0.6000000000000001,0.8833333333333334,0.00040233306955041653,0.00039943406965870523,0.0985356073102982,0.01990125852057973
0.0018025875091552735,0.0007970809936523437,0.7263227513227515,0.9420238095238094,11.0,0.0522222222222,"{'SVM__C': 11.0, 'SVM__gamma': 0.052222222222222225}",58,0.6791666666666668,0.944642857142857,0.6833333333333333,0.95,0.7833333333333333,0.9571428571428571,0.9,0.9500000000000001,0.6000000000000001,0.9083333333333333,0.0003996620135258203,0.0003985599794666854,0.09812456932365239,0.017307411281320226
0.002203845977783203,0.0007994174957275391,0.7350529100529101,0.9580952380952381,11.0,0.0733333333333,"{'SVM__C': 11.0, 'SVM__gamma': 0.073333333333333334}",43,0.6791666666666668,0.9571428571428571,0.6833333333333333,0.9625,0.7833333333333333,0.975,0.9,0.9625,0.65,0.9333333333333335,0.000400383968714085,0.00039973711461506424,0.08822181152895502,0.013701341444165722
0.0026045799255371093,0.000996541976928711,0.7437830687830688,0.9661904761904762,11.0,0.0944444444444,"{'SVM__C': 11.0, 'SVM__gamma': 0.094444444444444442}",19,0.6791666666666668,0.969642857142857,0.6833333333333333,0.9875,0.7833333333333333,0.9696428571428571,0.95,0.9708333333333333,0.65,0.9333333333333335,0.0008050726955160445,3.889658643633483e-06,0.10499242281772696,0.017771221863749572
0.002206754684448242,0.0011972904205322266,0.708862433862434,0.9833333333333334,11.0,0.115555555556,"{'SVM__C': 11.0, 'SVM__gamma': 0.11555555555555555}",94,0.6791666666666668,0.9874999999999999,0.6833333333333333,0.9875,0.7833333333333333,0.9875,0.7000000000000001,0.9833333333333333,0.7000000000000001,0.9708333333333333,0.0009803673566517318,0.0004014038988560861,0.03889237557705788,0.006454972243679034
0.0020029544830322266,0.0009957313537597655,0.6943121693121694,0.9916666666666666,11.0,0.136666666667,"{'SVM__C': 11.0, 'SVM__gamma': 0.13666666666666669}",141,0.6791666666666668,0.9874999999999999,0.6833333333333333,0.9875,0.7833333333333333,1.0,0.6166666666666667,1.0,0.7000000000000001,0.9833333333333333,6.211707713883234e-06,4.002592806135809e-06,0.052643425419656095,0.006972166887783978
0.002203559875488281,0.0007998943328857422,0.7046296296296297,0.9916666666666666,11.0,0.157777777778,"{'SVM__C': 11.0, 'SVM__gamma': 0.15777777777777779}",99,0.6791666666666668,0.9874999999999999,0.6833333333333333,0.9875,0.8333333333333334,1.0,0.6166666666666667,1.0,0.7000000000000001,0.9833333333333333,0.000983834081485906,0.00039998188308717944,0.07083571078764238,0.006972166887783978
0.0016019821166992187,0.0012049674987792969,0.7046296296296297,0.9941666666666666,11.0,0.178888888889,"{'SVM__C': 11.0, 'SVM__gamma': 0.1788888888888889}",99,0.6791666666666668,1.0,0.6833333333333333,0.9875,0.8333333333333334,1.0,0.6166666666666667,1.0,0.7000000000000001,0.9833333333333333,0.000491480349874229,0.00040473630694553984,0.07083571078764238,0.007264831572567796
0.0018039703369140624,0.0009977340698242188,0.7133597883597884,0.9966666666666667,11.0,0.2,"{'SVM__C': 11.0, 'SVM__gamma': 0.20000000000000001}",83,0.6791666666666668,1.0,0.6833333333333333,1.0,0.8333333333333334,1.0,0.6166666666666667,1.0,0.75,0.9833333333333333,0.00040108061683489496,2.4285948902600944e-06,0.07278155937315206,0.006666666666666687
0.002202892303466797,0.001001596450805664,0.673015873015873,0.8619588744588744,12.0,0.01,"{'SVM__C': 12.0, 'SVM__gamma': 0.01}",179,0.8375000000000001,0.8946428571428572,0.6833333333333333,0.8125,0.7,0.875,0.525,0.8670454545454546,0.5666666666666668,0.8606060606060607,0.000980855733603868,4.401390365300875e-06,0.10948174658118641,0.02724774245511926
0.001597452163696289,0.0012004852294921875,0.7541005291005292,0.9280952380952382,12.0,0.0311111111111,"{'SVM__C': 12.0, 'SVM__gamma': 0.03111111111111111}",6,0.8041666666666668,0.9374999999999999,0.6833333333333333,0.9375,0.7833333333333333,0.9446428571428571,0.9,0.9375000000000001,0.6000000000000001,0.8833333333333334,0.0004875050369061565,0.00040111606936145584,0.0985356073102982,0.02255127691956591
0.002402639389038086,0.0010027885437011719,0.7263227513227515,0.945595238095238,12.0,0.0522222222222,"{'SVM__C': 12.0, 'SVM__gamma': 0.052222222222222225}",58,0.6791666666666668,0.944642857142857,0.6833333333333333,0.95,0.7833333333333333,0.975,0.9,0.9500000000000001,0.6000000000000001,0.9083333333333333,0.0004926345339657429,0.0006327447443053066,0.09812456932365239,0.021414016220759426
0.0022047996520996095,0.0007999420166015625,0.7350529100529101,0.9605952380952381,12.0,0.0733333333333,"{'SVM__C': 12.0, 'SVM__gamma': 0.073333333333333334}",43,0.6791666666666668,0.9571428571428571,0.6833333333333333,0.9625,0.7833333333333333,0.975,0.9,0.9750000000000001,0.65,0.9333333333333335,0.00040238458422554803,0.0003999845093634592,0.08822181152895502,0.015321571945901084
0.001802349090576172,0.001000356674194336,0.7525132275132276,0.9747619047619047,12.0,0.0944444444444,"{'SVM__C': 12.0, 'SVM__gamma': 0.094444444444444442}",12,0.6791666666666668,0.9874999999999999,0.6833333333333333,0.9750000000000001,0.7833333333333333,0.9696428571428571,0.95,0.9708333333333333,0.7000000000000001,0.9708333333333333,0.0004010935136634504,1.7739367711771272e-06,0.09872294039804201,0.006624013211068337
0.0018036842346191406,0.0011982917785644531,0.6943121693121694,0.9858333333333335,12.0,0.115555555556,"{'SVM__C': 12.0, 'SVM__gamma': 0.11555555555555555}",141,0.6791666666666668,0.9874999999999999,0.6833333333333333,0.9875,0.7833333333333333,0.9875,0.6166666666666667,0.9833333333333333,0.7000000000000001,0.9833333333333333,0.00040094830260129166,0.000397328893355766,0.052643425419656095,0.0020412414523193444
0.001203441619873047,0.000997781753540039,0.6943121693121694,0.9916666666666666,12.0,0.136666666667,"{'SVM__C': 12.0, 'SVM__gamma': 0.13666666666666669}",141,0.6791666666666668,0.9874999999999999,0.6833333333333333,0.9875,0.7833333333333333,1.0,0.6166666666666667,1.0,0.7000000000000001,0.9833333333333333,0.00040083064823986334,2.1589720578521293e-06,0.052643425419656095,0.006972166887783978
0.0022016048431396486,0.001203012466430664,0.7046296296296297,0.9941666666666666,12.0,0.157777777778,"{'SVM__C': 12.0, 'SVM__gamma': 0.15777777777777779}",99,0.6791666666666668,1.0,0.6833333333333333,0.9875,0.8333333333333334,1.0,0.6166666666666667,1.0,0.7000000000000001,0.9833333333333333,0.0014703858840050214,0.0004024757980732435,0.07083571078764238,0.007264831572567796
0.0030075550079345704,0.0005955219268798829,0.7046296296296297,0.9966666666666667,12.0,0.178888888889,"{'SVM__C': 12.0, 'SVM__gamma': 0.1788888888888889}",99,0.6791666666666668,1.0,0.6833333333333333,1.0,0.8333333333333334,1.0,0.6166666666666667,1.0,0.7000000000000001,0.9833333333333333,0.0008995586840470664,0.00048625361133127084,0.07083571078764238,0.006666666666666687
0.0018010616302490234,0.0010015487670898438,0.7133597883597884,0.9966666666666667,12.0,0.2,"{'SVM__C': 12.0, 'SVM__gamma': 0.20000000000000001}",83,0.6791666666666668,1.0,0.6833333333333333,1.0,0.8333333333333334,1.0,0.6166666666666667,1.0,0.75,0.9833333333333333,0.0007463020300581297,5.64886020465219e-06,0.07278155937315206,0.006666666666666687
0.0018016338348388673,0.001001596450805664,0.6817460317460317,0.8619588744588744,13.0,0.01,"{'SVM__C': 13.0, 'SVM__gamma': 0.01}",171,0.8375000000000001,0.8946428571428572,0.6833333333333333,0.825,0.7,0.875,0.525,0.8545454545454545,0.6166666666666667,0.8606060606060607,0.0004001397871425221,4.6107958807501115e-06,0.10241901285899678,0.023069724666177457
0.0022031307220458985,0.0011984825134277344,0.7541005291005292,0.930595238095238,13.0,0.0311111111111,"{'SVM__C': 13.0, 'SVM__gamma': 0.03111111111111111}",6,0.8041666666666668,0.9499999999999998,0.6833333333333333,0.9375,0.7833333333333333,0.9446428571428571,0.9,0.9375000000000001,0.6000000000000001,0.8833333333333334,0.0014722557382976038,0.0004047608111457431,0.0985356073102982,0.024095308676726986
0.0022036075592041016,0.0007980823516845703,0.7437830687830688,0.9505952380952382,13.0,0.0522222222222,"{'SVM__C': 13.0, 'SVM__gamma': 0.052222222222222225}",19,0.6791666666666668,0.9571428571428571,0.6833333333333333,0.95,0.7833333333333333,0.975,0.95,0.9500000000000001,0.65,0.9208333333333333,0.0007521940386678793,0.0003990547760250778,0.10499242281772696,0.017463924591325956
0.002000761032104492,0.001001119613647461,0.7437830687830688,0.968095238095238,13.0,0.0733333333333,"{'SVM__C': 13.0, 'SVM__gamma': 0.073333333333333334}",19,0.6791666666666668,0.969642857142857,0.6833333333333333,0.9750000000000001,0.7833333333333333,0.9875,0.95,0.9750000000000001,0.65,0.9333333333333335,2.802407313330672e-06,4.74925979537534e-06,0.10499242281772696,0.01834492521595924
0.0016016960144042969,0.0010013103485107422,0.7525132275132276,0.9797619047619047,13.0,0.0944444444444,"{'SVM__C': 13.0, 'SVM__gamma': 0.094444444444444442}",12,0.6791666666666668,0.9874999999999999,0.6833333333333333,0.9875,0.7833333333333333,0.9696428571428571,0.95,0.9833333333333333,0.7000000000000001,0.9708333333333333,0.0004900795123141138,2.3086010812588124e-06,0.09872294039804201,0.007932538689979842
0.0022027969360351564,0.0009994983673095703,0.6943121693121694,0.9916666666666666,13.0,0.115555555556,"{'SVM__C': 13.0, 'SVM__gamma': 0.11555555555555555}",141,0.6791666666666668,0.9874999999999999,0.6833333333333333,0.9875,0.7833333333333333,1.0,0.6166666666666667,1.0,0.7000000000000001,0.9833333333333333,0.0007493394125193009,2.1452373274234756e-06,0.052643425419656095,0.006972166887783978
0.0020006179809570314,0.00020189285278320311,0.7046296296296297,0.9916666666666666,13.0,0.136666666667,"{'SVM__C': 13.0, 'SVM__gamma': 0.13666666666666669}",99,0.6791666666666668,0.9874999999999999,0.6833333333333333,0.9875,0.8333333333333334,1.0,0.6166666666666667,1.0,0.7000000000000001,0.9833333333333333,4.370284743266906e-07,0.00040378570556640623,0.07083571078764238,0.006972166887783978
0.002201271057128906,0.0010044097900390625,0.7046296296296297,0.9966666666666667,13.0,0.157777777778,"{'SVM__C': 13.0, 'SVM__gamma': 0.15777777777777779}",99,0.6791666666666668,1.0,0.6833333333333333,1.0,0.8333333333333334,1.0,0.6166666666666667,1.0,0.7000000000000001,0.9833333333333333,0.00040176229923921203,1.0489767227827208e-05,0.07083571078764238,0.006666666666666687
0.0019994735717773437,0.0007991313934326172,0.7046296296296297,0.9966666666666667,13.0,0.178888888889,"{'SVM__C': 13.0, 'SVM__gamma': 0.1788888888888889}",99,0.6791666666666668,1.0,0.6833333333333333,1.0,0.8333333333333334,1.0,0.6166666666666667,1.0,0.7000000000000001,0.9833333333333333,0.0006291801272334833,0.0003995664756055313,0.07083571078764238,0.006666666666666687
0.0020038604736328123,0.0005971431732177734,0.7133597883597884,0.9966666666666667,13.0,0.2,"{'SVM__C': 13.0, 'SVM__gamma': 0.20000000000000001}",83,0.6791666666666668,1.0,0.6833333333333333,1.0,0.8333333333333334,1.0,0.6166666666666667,1.0,0.75,0.9833333333333333,8.930231963670327e-06,0.00048758369404346727,0.07278155937315206,0.006666666666666687
0.001802349090576172,0.0008018016815185547,0.7035714285714285,0.8665043290043289,14.0,0.01,"{'SVM__C': 14.0, 'SVM__gamma': 0.01}",131,0.8375000000000001,0.8946428571428572,0.6833333333333333,0.825,0.7,0.875,0.65,0.8545454545454545,0.6166666666666667,0.8833333333333334,0.00040110774221074284,0.0004009248981239328,0.07680750070320687,0.024547067371064053
0.002599811553955078,0.0007958412170410156,0.7541005291005292,0.930595238095238,14.0,0.0311111111111,"{'SVM__C': 14.0, 'SVM__gamma': 0.03111111111111111}",6,0.8041666666666668,0.9499999999999998,0.6833333333333333,0.9375,0.7833333333333333,0.9446428571428571,0.9,0.9375000000000001,0.6000000000000001,0.8833333333333334,0.0007929447043408794,0.0007454639016125537,0.0985356073102982,0.024095308676726986
0.001801919937133789,0.0010000228881835937,0.7437830687830688,0.9580952380952381,14.0,0.0522222222222,"{'SVM__C': 14.0, 'SVM__gamma': 0.052222222222222225}",19,0.6791666666666668,0.9571428571428571,0.6833333333333333,0.9625,0.7833333333333333,0.975,0.95,0.9625,0.65,0.9333333333333335,0.0007513749533251364,1.1344315770502396e-06,0.10499242281772696,0.013701341444165722
0.002001380920410156,0.0008050441741943359,0.7525132275132276,0.9672619047619048,14.0,0.0733333333333,"{'SVM__C': 14.0, 'SVM__gamma': 0.073333333333333334}",12,0.6791666666666668,0.969642857142857,0.6833333333333333,0.9875,0.7833333333333333,0.9875,0.95,0.9583333333333334,0.7000000000000001,0.9333333333333335,2.539353743685598e-06,0.00040253830920366243,0.09872294039804201,0.02027657406423264
0.0018011569976806641,0.0008023738861083985,0.737962962962963,0.9833333333333334,14.0,0.0944444444444,"{'SVM__C': 14.0, 'SVM__gamma': 0.094444444444444442}",31,0.6791666666666668,0.9874999999999999,0.6833333333333333,0.9875,0.7833333333333333,0.9875,0.8666666666666667,0.9833333333333333,0.7000000000000001,0.9708333333333333,0.00040061639503232306,0.0007501407913449278,0.07071111113882429,0.006454972243679034
0.0022026538848876954,0.0009991645812988282,0.6943121693121694,0.9916666666666666,14.0,0.115555555556,"{'SVM__C': 14.0, 'SVM__gamma': 0.11555555555555555}",141,0.6791666666666668,0.9874999999999999,0.6833333333333333,0.9875,0.7833333333333333,1.0,0.6166666666666667,1.0,0.7000000000000001,0.9833333333333333,0.0003997652298066095,0.0006320341789423877,0.052643425419656095,0.006972166887783978
0.0020064353942871095,0.0011973857879638671,0.7046296296296297,0.9916666666666666,14.0,0.136666666667,"{'SVM__C': 14.0, 'SVM__gamma': 0.13666666666666669}",99,0.6791666666666668,0.9874999999999999,0.6833333333333333,0.9875,0.8333333333333334,1.0,0.6166666666666667,1.0,0.7000000000000001,0.9833333333333333,0.0006332012281135811,0.0004001973964037863,0.07083571078764238,0.006972166887783978
0.0020053863525390627,0.0011970043182373048,0.7046296296296297,0.9966666666666667,14.0,0.157777777778,"{'SVM__C': 14.0, 'SVM__gamma': 0.15777777777777779}",99,0.6791666666666668,1.0,0.6833333333333333,1.0,0.8333333333333334,1.0,0.6166666666666667,1.0,0.7000000000000001,0.9833333333333333,6.112821756140184e-06,0.0003955854571750722,0.07083571078764238,0.006666666666666687
0.0024033546447753905,0.0014003753662109376,0.7046296296296297,0.9966666666666667,14.0,0.178888888889,"{'SVM__C': 14.0, 'SVM__gamma': 0.1788888888888889}",99,0.6791666666666668,1.0,0.6833333333333333,1.0,0.8333333333333334,1.0,0.6166666666666667,1.0,0.7000000000000001,0.9833333333333333,0.0018548321933419575,0.0004919286700494822,0.07083571078764238,0.006666666666666687
0.0018014907836914062,0.0010016918182373046,0.7133597883597884,1.0,14.0,0.2,"{'SVM__C': 14.0, 'SVM__gamma': 0.20000000000000001}",83,0.6791666666666668,1.0,0.6833333333333333,1.0,0.8333333333333334,1.0,0.6166666666666667,1.0,0.75,1.0,0.0004006658945214063,4.755479550958437e-06,0.07278155937315206,0.0
0.0018050193786621094,0.0008011817932128906,0.6763227513227513,0.8665043290043289,15.0,0.01,"{'SVM__C': 15.0, 'SVM__gamma': 0.01}",175,0.7541666666666668,0.8946428571428572,0.6833333333333333,0.825,0.7,0.875,0.65,0.8545454545454545,0.5666666666666668,0.8833333333333334,0.0004011456863149198,0.0004006795026877628,0.060775709266734736,0.024547067371064053
0.0014007091522216797,0.0010031700134277345,0.7628306878306879,0.9355952380952381,15.0,0.0311111111111,"{'SVM__C': 15.0, 'SVM__gamma': 0.03111111111111111}",4,0.8041666666666668,0.9624999999999999,0.6833333333333333,0.9375,0.7833333333333333,0.9446428571428571,0.9,0.9500000000000001,0.65,0.8833333333333334,0.0004899792882992587,4.002592806135809e-06,0.08590060543538293,0.027379399541888682
0.0020052433013916016,0.0010016441345214843,0.7437830687830688,0.9580952380952381,15.0,0.0522222222222,"{'SVM__C': 15.0, 'SVM__gamma': 0.052222222222222225}",19,0.6791666666666668,0.9571428571428571,0.6833333333333333,0.9625,0.7833333333333333,0.975,0.95,0.9625,0.65,0.9333333333333335,0.0011003749767245817,0.0006339397209796275,0.10499242281772696,0.013701341444165722
0.0016008377075195312,0.001000690460205078,0.7525132275132276,0.9758333333333334,15.0,0.0733333333333,"{'SVM__C': 15.0, 'SVM__gamma': 0.073333333333333334}",12,0.6791666666666668,0.9874999999999999,0.6833333333333333,0.9875,0.7833333333333333,0.9875,0.95,0.9708333333333333,0.7000000000000001,0.9458333333333334,0.0004901547271811614,4.653500709059087e-06,0.09872294039804201,0.016329931618554495
0.0020031452178955076,0.0006010055541992188,0.737962962962963,0.9858333333333335,15.0,0.0944444444444,"{'SVM__C': 15.0, 'SVM__gamma': 0.094444444444444442}",31,0.6791666666666668,0.9874999999999999,0.6833333333333333,0.9875,0.7833333333333333,0.9875,0.8666666666666667,0.9833333333333333,0.7000000000000001,0.9833333333333333,0.0011008085187294624,0.0004907202852174666,0.07071111113882429,0.0020412414523193444
0.001800870895385742,0.00040531158447265625,0.6943121693121694,0.9916666666666666,15.0,0.115555555556,"{'SVM__C': 15.0, 'SVM__gamma': 0.11555555555555555}",141,0.6791666666666668,0.9874999999999999,0.6833333333333333,0.9875,0.7833333333333333,1.0,0.6166666666666667,1.0,0.7000000000000001,0.9833333333333333,0.0004005919892267021,0.0004964091473046141,0.052643425419656095,0.006972166887783978
0.0020081520080566405,0.0009974956512451172,0.7046296296296297,0.9966666666666667,15.0,0.136666666667,"{'SVM__C': 15.0, 'SVM__gamma': 0.13666666666666669}",99,0.6791666666666668,1.0,0.6833333333333333,1.0,0.8333333333333334,1.0,0.6166666666666667,1.0,0.7000000000000001,0.9833333333333333,5.109950380179907e-06,2.591643951740492e-06,0.07083571078764238,0.006666666666666687
0.0020006656646728515,0.0010033607482910155,0.7046296296296297,0.9966666666666667,15.0,0.157777777778,"{'SVM__C': 15.0, 'SVM__gamma': 0.15777777777777779}",99,0.6791666666666668,1.0,0.6833333333333333,1.0,0.8333333333333334,1.0,0.6166666666666667,1.0,0.7000000000000001,0.9833333333333333,3.568322550558034e-07,4.3089829817132404e-06,0.07083571078764238,0.006666666666666687
0.0024032115936279295,0.0012021541595458984,0.7046296296296297,0.9966666666666667,15.0,0.178888888889,"{'SVM__C': 15.0, 'SVM__gamma': 0.1788888888888889}",99,0.6791666666666668,1.0,0.6833333333333333,1.0,0.8333333333333334,1.0,0.6166666666666667,1.0,0.7000000000000001,0.9833333333333333,0.0004919755080420073,0.00040278803091079975,0.07083571078764238,0.006666666666666687
0.0020055294036865233,0.0012035369873046875,0.7133597883597884,1.0,15.0,0.2,"{'SVM__C': 15.0, 'SVM__gamma': 0.20000000000000001}",83,0.6791666666666668,1.0,0.6833333333333333,1.0,0.8333333333333334,1.0,0.6166666666666667,1.0,0.75,1.0,0.0006344691623602755,0.0003982133599860059,0.07278155937315206,0.0
0.002000761032104492,0.0008013725280761718,0.6763227513227513,0.8785497835497835,16.0,0.01,"{'SVM__C': 16.0, 'SVM__gamma': 0.01}",175,0.7541666666666668,0.8946428571428572,0.6833333333333333,0.875,0.7,0.8625,0.65,0.8772727272727272,0.5666666666666668,0.8833333333333334,6.2087786991199455e-06,0.0004007258282764405,0.060775709266734736,0.010523276620746678
0.0018008232116699218,0.0008022308349609375,0.7541005291005292,0.940595238095238,16.0,0.0311111111111,"{'SVM__C': 16.0, 'SVM__gamma': 0.03111111111111111}",6,0.8041666666666668,0.9624999999999999,0.6833333333333333,0.95,0.7833333333333333,0.9446428571428571,0.9,0.9500000000000001,0.6000000000000001,0.8958333333333334,0.00040009031349195985,0.0004011348034014639,0.0985356073102982,0.02313754103159324
0.002002429962158203,0.0012018203735351563,0.7437830687830688,0.9605952380952381,16.0,0.0522222222222,"{'SVM__C': 16.0, 'SVM__gamma': 0.052222222222222225}",19,0.6791666666666668,0.9571428571428571,0.6833333333333333,0.9750000000000001,0.7833333333333333,0.975,0.95,0.9625,0.65,0.9333333333333335,1.6198432685339956e-06,0.00040129337000342915,0.10499242281772696,0.015321571945901084
0.0016026020050048829,0.001404714584350586,0.7525132275132276,0.9808333333333333,16.0,0.0733333333333,"{'SVM__C': 16.0, 'SVM__gamma': 0.073333333333333334}",12,0.6791666666666668,0.9874999999999999,0.6833333333333333,0.9875,0.7833333333333333,0.9875,0.95,0.9708333333333333,0.7000000000000001,0.9708333333333333,0.000491406855564517,0.0004923036279388878,0.09872294039804201,0.008164965809277266
0.002003335952758789,0.001401519775390625,0.737962962962963,0.9891666666666667,16.0,0.0944444444444,"{'SVM__C': 16.0, 'SVM__gamma': 0.094444444444444442}",31,0.6791666666666668,0.9874999999999999,0.6833333333333333,0.9875,0.7833333333333333,0.9875,0.8666666666666667,1.0,0.7000000000000001,0.9833333333333333,2.708334316475473e-06,0.0004893250224413928,0.07071111113882429,0.0056519416526044
0.002403545379638672,0.00080108642578125,0.6943121693121694,0.9916666666666666,16.0,0.115555555556,"{'SVM__C': 16.0, 'SVM__gamma': 0.11555555555555555}",141,0.6791666666666668,0.9874999999999999,0.6833333333333333,0.9875,0.7833333333333333,1.0,0.6166666666666667,1.0,0.7000000000000001,0.9833333333333333,0.0004937460176005709,0.00040054556868632403,0.052643425419656095,0.006972166887783978
0.001808500289916992,0.0009977340698242188,0.7046296296296297,0.9966666666666667,16.0,0.136666666667,"{'SVM__C': 16.0, 'SVM__gamma': 0.13666666666666669}",99,0.6791666666666668,1.0,0.6833333333333333,1.0,0.8333333333333334,1.0,0.6166666666666667,1.0,0.7000000000000001,0.9833333333333333,0.00040195583833155403,4.075214504093456e-06,0.07083571078764238,0.006666666666666687
0.0026053428649902345,0.0007982254028320312,0.7046296296296297,0.9966666666666667,16.0,0.157777777778,"{'SVM__C': 16.0, 'SVM__gamma': 0.15777777777777779}",99,0.6791666666666668,1.0,0.6833333333333333,1.0,0.8333333333333334,1.0,0.6166666666666667,1.0,0.7000000000000001,0.9833333333333333,0.0010202702234370594,0.00039911546444135865,0.07083571078764238,0.006666666666666687
0.0020069122314453126,0.0009990215301513671,0.7046296296296297,1.0,16.0,0.178888888889,"{'SVM__C': 16.0, 'SVM__gamma': 0.1788888888888889}",99,0.6791666666666668,1.0,0.6833333333333333,1.0,0.8333333333333334,1.0,0.6166666666666667,1.0,0.7000000000000001,1.0,6.616878036003744e-06,0.0006329629441026768,0.07083571078764238,0.0
0.001804208755493164,0.0009992599487304687,0.7133597883597884,1.0,16.0,0.2,"{'SVM__C': 16.0, 'SVM__gamma': 0.20000000000000001}",83,0.6791666666666668,1.0,0.6833333333333333,1.0,0.8333333333333334,1.0,0.6166666666666667,1.0,0.75,1.0,0.00039977003586743004,0.0006349101247423573,0.07278155937315206,0.0
0.0018032550811767577,0.0008039474487304688,0.6763227513227513,0.8855952380952381,17.0,0.01,"{'SVM__C': 17.0, 'SVM__gamma': 0.01}",175,0.7541666666666668,0.8946428571428572,0.6833333333333333,0.875,0.7,0.8625,0.65,0.9125000000000001,0.5666666666666668,0.8833333333333334,0.0004013141694283422,0.0004020435469455073,0.060775709266734736,0.017067459856142733
0.002802753448486328,0.0006012439727783204,0.7628306878306879,0.9441666666666666,17.0,0.0311111111111,"{'SVM__C': 17.0, 'SVM__gamma': 0.03111111111111111}",4,0.8041666666666668,0.9624999999999999,0.6833333333333333,0.95,0.7833333333333333,0.9625,0.95,0.9500000000000001,0.6000000000000001,0.8958333333333334,0.0011663705580198314,0.0004909206186501058,0.11232546128220694,0.024804793443562
0.0022058486938476562,0.0011963844299316406,0.7437830687830688,0.9630952380952381,17.0,0.0522222222222,"{'SVM__C': 17.0, 'SVM__gamma': 0.052222222222222225}",19,0.6791666666666668,0.9571428571428571,0.6833333333333333,0.9750000000000001,0.7833333333333333,0.9875,0.95,0.9625,0.65,0.9333333333333335,0.0007506002593542655,0.00040223279028302265,0.10499242281772696,0.018214674754637623
0.0020012855529785156,0.0014003753662109376,0.737962962962963,0.9797619047619047,17.0,0.0733333333333,"{'SVM__C': 17.0, 'SVM__gamma': 0.073333333333333334}",31,0.6791666666666668,0.9874999999999999,0.6833333333333333,0.9875,0.7833333333333333,0.9696428571428571,0.8666666666666667,0.9833333333333333,0.7000000000000001,0.9708333333333333,0.000632869191216453,0.0004902576980425046,0.07071111113882429,0.007932538689979842
0.001808929443359375,0.0009983062744140625,0.737962962962963,0.9916666666666666,17.0,0.0944444444444,"{'SVM__C': 17.0, 'SVM__gamma': 0.094444444444444442}",31,0.6791666666666668,0.9874999999999999,0.6833333333333333,0.9875,0.7833333333333333,1.0,0.8666666666666667,1.0,0.7000000000000001,0.9833333333333333,0.0004037992761644291,3.0621708599095003e-06,0.07071111113882429,0.006972166887783978
0.002003049850463867,0.0008019447326660156,0.6943121693121694,0.9941666666666666,17.0,0.115555555556,"{'SVM__C': 17.0, 'SVM__gamma': 0.11555555555555555}",141,0.6791666666666668,0.9874999999999999,0.6833333333333333,1.0,0.7833333333333333,1.0,0.6166666666666667,1.0,0.7000000000000001,0.9833333333333333,0.0006342234927053125,0.00040097989392708317,0.052643425419656095,0.007264831572567817
0.001800680160522461,0.0008007526397705078,0.7046296296296297,0.9966666666666667,17.0,0.136666666667,"{'SVM__C': 17.0, 'SVM__gamma': 0.13666666666666669}",99,0.6791666666666668,1.0,0.6833333333333333,1.0,0.8333333333333334,1.0,0.6166666666666667,1.0,0.7000000000000001,0.9833333333333333,0.00040014987319745725,0.00040038811428275796,0.07083571078764238,0.006666666666666687
0.0018064022064208985,0.001199054718017578,0.7046296296296297,0.9966666666666667,17.0,0.157777777778,"{'SVM__C': 17.0, 'SVM__gamma': 0.15777777777777779}",99,0.6791666666666668,1.0,0.6833333333333333,1.0,0.8333333333333334,1.0,0.6166666666666667,1.0,0.7000000000000001,0.9833333333333333,0.0004024613693105869,0.00040041329343122617,0.07083571078764238,0.006666666666666687
0.0018040657043457032,0.0010026931762695313,0.7046296296296297,1.0,17.0,0.178888888889,"{'SVM__C': 17.0, 'SVM__gamma': 0.1788888888888889}",99,0.6791666666666668,1.0,0.6833333333333333,1.0,0.8333333333333334,1.0,0.6166666666666667,1.0,0.7000000000000001,1.0,0.0004017194552365071,5.960655209350684e-06,0.07083571078764238,0.0
0.0021968364715576174,0.0010007381439208984,0.7133597883597884,1.0,17.0,0.2,"{'SVM__C': 17.0, 'SVM__gamma': 0.20000000000000001}",83,0.6791666666666668,1.0,0.6833333333333333,1.0,0.8333333333333334,1.0,0.6166666666666667,1.0,0.75,1.0,0.00039997291268880833,0.0006332392900821468,0.07278155937315206,0.0
0.001801443099975586,0.0010002613067626952,0.6763227513227513,0.8905952380952382,18.0,0.01,"{'SVM__C': 18.0, 'SVM__gamma': 0.01}",175,0.7541666666666668,0.8946428571428572,0.6833333333333333,0.9,0.7,0.8625,0.65,0.9125000000000001,0.5666666666666668,0.8833333333333334,0.00040063917622638813,2.299719915730952e-06,0.060775709266734736,0.016892181771123064
0.002605104446411133,0.000998687744140625,0.7715608465608466,0.9441666666666666,18.0,0.0311111111111,"{'SVM__C': 18.0, 'SVM__gamma': 0.03111111111111111}",2,0.8041666666666668,0.9624999999999999,0.6833333333333333,0.95,0.7833333333333333,0.9625,0.95,0.9500000000000001,0.65,0.8958333333333334,0.0008048282325879509,0.0006320379203211048,0.10066889298839579,0.024804793443562
0.0019989967346191405,0.00060272216796875,0.7437830687830688,0.9630952380952381,18.0,0.0522222222222,"{'SVM__C': 18.0, 'SVM__gamma': 0.052222222222222225}",19,0.6791666666666668,0.9571428571428571,0.6833333333333333,0.9750000000000001,0.7833333333333333,0.9875,0.95,0.9625,0.65,0.9333333333333335,0.0006341589043481635,0.0004921427739581931,0.10499242281772696,0.018214674754637623
0.0018049240112304687,0.0015992164611816407,0.737962962962963,0.9797619047619047,18.0,0.0733333333333,"{'SVM__C': 18.0, 'SVM__gamma': 0.073333333333333334}",31,0.6791666666666668,0.9874999999999999,0.6833333333333333,0.9875,0.7833333333333333,0.9696428571428571,0.8666666666666667,0.9833333333333333,0.7000000000000001,0.9708333333333333,0.00040160896227561517,0.0008025469068891249,0.07071111113882429,0.007932538689979842
0.0024042129516601562,0.0007973670959472656,0.737962962962963,0.9916666666666666,18.0,0.0944444444444,"{'SVM__C': 18.0, 'SVM__gamma': 0.094444444444444442}",31,0.6791666666666668,0.9874999999999999,0.6833333333333333,0.9875,0.7833333333333333,1.0,0.8666666666666667,1.0,0.7000000000000001,0.9833333333333333,0.0004902822640654177,0.00039868966451387,0.07071111113882429,0.006972166887783978
0.0016056060791015624,0.0010016918182373046,0.6943121693121694,0.9941666666666666,18.0,0.115555555556,"{'SVM__C': 18.0, 'SVM__gamma': 0.11555555555555555}",141,0.6791666666666668,0.9874999999999999,0.6833333333333333,1.0,0.7833333333333333,1.0,0.6166666666666667,1.0,0.7000000000000001,0.9833333333333333,0.0004930183909871742,8.301076200097546e-06,0.052643425419656095,0.007264831572567817
0.0016004562377929688,0.0010033607482910155,0.7046296296296297,0.9966666666666667,18.0,0.136666666667,"{'SVM__C': 18.0, 'SVM__gamma': 0.13666666666666669}",99,0.6791666666666668,1.0,0.6833333333333333,1.0,0.8333333333333334,1.0,0.6166666666666667,1.0,0.7000000000000001,0.9833333333333333,0.0004893649776107526,0.0006342978427362806,0.07083571078764238,0.006666666666666687
0.0022021770477294923,0.000799560546875,0.7046296296296297,0.9966666666666667,18.0,0.157777777778,"{'SVM__C': 18.0, 'SVM__gamma': 0.15777777777777779}",99,0.6791666666666668,1.0,0.6833333333333333,1.0,0.8333333333333334,1.0,0.6166666666666667,1.0,0.7000000000000001,0.9833333333333333,0.0007494508123900611,0.00039978402714750634,0.07083571078764238,0.006666666666666687
0.0015997886657714844,0.0010013580322265625,0.7046296296296297,1.0,18.0,0.178888888889,"{'SVM__C': 18.0, 'SVM__gamma': 0.1788888888888889}",99,0.6791666666666668,1.0,0.6833333333333333,1.0,0.8333333333333334,1.0,0.6166666666666667,1.0,0.7000000000000001,1.0,0.0004886200174841081,2.426721696853537e-06,0.07083571078764238,0.0
0.0016002655029296875,0.000804901123046875,0.7133597883597884,1.0,18.0,0.2,"{'SVM__C': 18.0, 'SVM__gamma': 0.20000000000000001}",83,0.6791666666666668,1.0,0.6833333333333333,1.0,0.8333333333333334,1.0,0.6166666666666667,1.0,0.75,1.0,0.0004892053418575842,0.00040251592358443126,0.07278155937315206,0.0
0.002202463150024414,0.0007990837097167969,0.6908730158730159,0.8955952380952382,19.0,0.01,"{'SVM__C': 19.0, 'SVM__gamma': 0.01}",163,0.7541666666666668,0.8946428571428572,0.6833333333333333,0.9,0.7,0.8875000000000001,0.65,0.9125000000000001,0.65,0.8833333333333334,0.00039892634960031064,0.0003995671926090626,0.03877432915812844,0.010217310019583491
0.0014010429382324218,0.0010013103485107422,0.7715608465608466,0.9480952380952381,19.0,0.0311111111111,"{'SVM__C': 19.0, 'SVM__gamma': 0.03111111111111111}",2,0.8041666666666668,0.944642857142857,0.6833333333333333,0.95,0.7833333333333333,0.975,0.95,0.9500000000000001,0.65,0.9208333333333333,0.0004885431980295697,1.1815559094776026e-06,0.10066889298839579,0.017240956089887377
0.0018004894256591797,0.0006012916564941406,0.7437830687830688,0.9597619047619048,19.0,0.0522222222222,"{'SVM__C': 19.0, 'SVM__gamma': 0.052222222222222225}",19,0.6791666666666668,0.9571428571428571,0.6833333333333333,0.9750000000000001,0.7833333333333333,0.9875,0.95,0.9458333333333334,0.65,0.9333333333333335,0.0007505516144896934,0.0004909562943931378,0.10499242281772696,0.01949838646734471
0.0016003131866455078,0.0010005950927734375,0.737962962962963,0.9833333333333334,19.0,0.0733333333333,"{'SVM__C': 19.0, 'SVM__gamma': 0.073333333333333334}",31,0.6791666666666668,0.9874999999999999,0.6833333333333333,0.9875,0.7833333333333333,0.9875,0.8666666666666667,0.9833333333333333,0.7000000000000001,0.9708333333333333,0.0004884968129066657,2.4239091924932164e-06,0.07071111113882429,0.006454972243679034
0.002204132080078125,0.0011988639831542968,0.737962962962963,0.9916666666666666,19.0,0.0944444444444,"{'SVM__C': 19.0, 'SVM__gamma': 0.094444444444444442}",31,0.6791666666666668,0.9874999999999999,0.6833333333333333,0.9875,0.7833333333333333,1.0,0.8666666666666667,1.0,0.7000000000000001,0.9833333333333333,0.0007502590668867684,0.0007487592562552151,0.07071111113882429,0.006972166887783978
0.00160064697265625,0.001203775405883789,0.7046296296296297,0.9966666666666667,19.0,0.115555555556,"{'SVM__C': 19.0, 'SVM__gamma': 0.11555555555555555}",99,0.6791666666666668,1.0,0.6833333333333333,1.0,0.8333333333333334,1.0,0.6166666666666667,1.0,0.7000000000000001,0.9833333333333333,0.0004905833981128319,0.0004035269210248757,0.07083571078764238,0.006666666666666687
0.0014009475708007812,0.0006040096282958985,0.7046296296296297,0.9966666666666667,19.0,0.136666666667,"{'SVM__C': 19.0, 'SVM__gamma': 0.13666666666666669}",99,0.6791666666666668,1.0,0.6833333333333333,1.0,0.8333333333333334,1.0,0.6166666666666667,1.0,0.7000000000000001,0.9833333333333333,0.0004901772573843786,0.0004932131118065106,0.07083571078764238,0.006666666666666687
0.0018026351928710938,0.0007998466491699219,0.7046296296296297,1.0,19.0,0.157777777778,"{'SVM__C': 19.0, 'SVM__gamma': 0.15777777777777779}",99,0.6791666666666668,1.0,0.6833333333333333,1.0,0.8333333333333334,1.0,0.6166666666666667,1.0,0.7000000000000001,1.0,0.0003974201404752451,0.00039994391953106863,0.07083571078764238,0.0
0.002001667022705078,0.0010024070739746093,0.7046296296296297,1.0,19.0,0.178888888889,"{'SVM__C': 19.0, 'SVM__gamma': 0.1788888888888889}",99,0.6791666666666668,1.0,0.6833333333333333,1.0,0.8333333333333334,1.0,0.6166666666666667,1.0,0.7000000000000001,1.0,2.8434851676703597e-06,4.114637757264065e-06,0.07083571078764238,0.0
0.0014000415802001953,0.0008018970489501953,0.7244708994708995,1.0,19.0,0.2,"{'SVM__C': 19.0, 'SVM__gamma': 0.20000000000000001}",74,0.6791666666666668,1.0,0.7333333333333334,1.0,0.8333333333333334,1.0,0.6166666666666667,1.0,0.75,1.0,0.000491316389497346,0.00040095298673532197,0.07114773077250118,0.0
0.0010004997253417968,0.0006022930145263671,0.7080687830687831,0.8955952380952382,20.0,0.01,"{'SVM__C': 20.0, 'SVM__gamma': 0.01}",97,0.7541666666666668,0.8946428571428572,0.6833333333333333,0.9,0.7833333333333333,0.8875000000000001,0.65,0.9125000000000001,0.65,0.8833333333333334,8.064048063892252e-07,0.0004917820772295518,0.05435646953540392,0.010217310019583491
0.002002382278442383,0.0007986545562744141,0.7802910052910054,0.9480952380952381,20.0,0.0311111111111,"{'SVM__C': 20.0, 'SVM__gamma': 0.03111111111111111}",1,0.8041666666666668,0.944642857142857,0.6833333333333333,0.95,0.7833333333333333,0.975,1.0,0.9500000000000001,0.65,0.9208333333333333,0.0006335420884946904,0.00039933930279911946,0.11666242988623703,0.017240956089887377
0.0013992786407470703,0.0008007049560546875,0.7525132275132276,0.9708333333333334,20.0,0.0522222222222,"{'SVM__C': 20.0, 'SVM__gamma': 0.052222222222222225}",12,0.6791666666666668,0.9874999999999999,0.6833333333333333,0.9750000000000001,0.7833333333333333,0.9875,0.95,0.9583333333333334,0.7000000000000001,0.9458333333333334,0.0004883264170558444,0.0004003568794895426,0.09872294039804201,0.01645701471510955
0.0012006282806396485,0.0006009578704833984,0.737962962962963,0.9833333333333334,20.0,0.0733333333333,"{'SVM__C': 20.0, 'SVM__gamma': 0.073333333333333334}",31,0.6791666666666668,0.9874999999999999,0.6833333333333333,0.9875,0.7833333333333333,0.9875,0.8666666666666667,0.9833333333333333,0.7000000000000001,0.9708333333333333,0.00039913814901078266,0.0004906811818227498,0.07071111113882429,0.006454972243679034
0.0010006427764892578,0.0006011486053466797,0.737962962962963,0.9916666666666666,20.0,0.0944444444444,"{'SVM__C': 20.0, 'SVM__gamma': 0.094444444444444442}",31,0.6791666666666668,0.9874999999999999,0.6833333333333333,0.9875,0.7833333333333333,1.0,0.8666666666666667,1.0,0.7000000000000001,0.9833333333333333,7.072638022514022e-07,0.0004908412084676332,0.07071111113882429,0.006972166887783978
0.002203369140625,0.0007987022399902344,0.7046296296296297,0.9966666666666667,20.0,0.115555555556,"{'SVM__C': 20.0, 'SVM__gamma': 0.11555555555555555}",99,0.6791666666666668,1.0,0.6833333333333333,1.0,0.8333333333333334,1.0,0.6166666666666667,1.0,0.7000000000000001,0.9833333333333333,0.0003997781121945384,0.0003993651971186337,0.07083571078764238,0.006666666666666687
0.0016012191772460938,0.0010021209716796875,0.7046296296296297,0.9966666666666667,20.0,0.136666666667,"{'SVM__C': 20.0, 'SVM__gamma': 0.13666666666666669}",99,0.6791666666666668,1.0,0.6833333333333333,1.0,0.8333333333333334,1.0,0.6166666666666667,1.0,0.7000000000000001,0.9833333333333333,0.0004898825944567646,2.3428189271046153e-06,0.07083571078764238,0.006666666666666687
0.001399087905883789,0.00040044784545898435,0.7046296296296297,1.0,20.0,0.157777777778,"{'SVM__C': 20.0, 'SVM__gamma': 0.15777777777777779}",99,0.6791666666666668,1.0,0.6833333333333333,1.0,0.8333333333333334,1.0,0.6166666666666667,1.0,0.7000000000000001,1.0,0.00048799444414378447,0.0004904472794749152,0.07083571078764238,0.0
0.0013995647430419921,0.0004009723663330078,0.7157407407407408,1.0,20.0,0.178888888889,"{'SVM__C': 20.0, 'SVM__gamma': 0.1788888888888889}",81,0.6791666666666668,1.0,0.7333333333333334,1.0,0.8333333333333334,1.0,0.6166666666666667,1.0,0.7000000000000001,1.0,0.0004889676970426264,0.0004910944109808115,0.07054463593651915,0.0
0.0014024734497070312,0.0010007858276367188,0.7244708994708995,1.0,20.0,0.2,"{'SVM__C': 20.0, 'SVM__gamma': 0.20000000000000001}",74,0.6791666666666668,1.0,0.7333333333333334,1.0,0.8333333333333334,1.0,0.6166666666666667,1.0,0.75,1.0,0.0004914702459257844,4.680782772753916e-06,0.07114773077250118,0.0
